# Blender v2.74 (sub 0) OBJ File: ''
# www.blender.org
mtllib untitled-scene.mtl
o 3D_Object_22
v 0.003248 0.004352 -0.000956
v 0.000771 0.004335 -0.000967
v 0.001730 0.004317 -0.000956
v 0.002665 0.004463 -0.001073
v 0.001730 0.004396 -0.001052
v 0.000771 0.004422 -0.001034
v 0.002665 0.004376 -0.000956
v 0.003292 0.004459 -0.001036
v -0.001706 0.004325 -0.000956
v -0.000223 0.004292 -0.000956
v -0.001123 0.004422 -0.001073
v -0.000223 0.004353 -0.001052
v -0.001123 0.004335 -0.000956
v -0.001726 0.004416 -0.001036
vt 0.562900 0.030100
vt 0.562900 0.022800
vt 0.635900 0.024600
vt 0.635900 0.016400
vt 0.487900 0.028500
vt 0.487900 0.020300
vt 0.684900 0.016900
vt 0.681400 0.026900
vt 0.339900 0.020300
vt 0.410200 0.026800
vt 0.339900 0.028500
vt 0.410200 0.032500
vt 0.292800 0.020800
vt 0.294400 0.029400
vn 0.020900 -0.772000 -0.635300
vn 0.013600 -0.743400 -0.668700
vn 0.019900 -0.792400 -0.609600
vn 0.018100 -0.744500 -0.667400
vn 0.012300 -0.717100 -0.696800
vn 0.012700 -0.610100 -0.792200
vn 0.042800 -0.609500 -0.791600
vn 0.005000 -0.713000 -0.701100
vn -0.024400 -0.760000 -0.649500
vn -0.000200 -0.783200 -0.621700
vn -0.024700 -0.816600 -0.576700
vn -0.004900 -0.844000 -0.536300
vn -0.039200 -0.664600 -0.746200
vn -0.012800 -0.737600 -0.675100
usemtl 3D_Object_22Mat
s 1
f 3/1/1 5/2/2 7/3/3
f 7/3/3 5/2/2 4/4/4
f 3/1/1 2/5/5 5/2/2
f 2/5/5 6/6/6 5/2/2
f 8/7/7 1/8/8 4/4/4
f 1/8/8 7/3/3 4/4/4
f 11/9/9 12/10/10 13/11/11
f 13/11/11 12/10/10 10/12/12
f 6/6/6 2/5/5 12/10/10
f 10/12/12 12/10/10 2/5/5
f 14/13/13 11/9/9 9/14/14
f 11/9/9 13/11/11 9/14/14
o 3D_Object_32
v -0.001956 0.005018 0.000075
v -0.002424 0.005176 0.000075
v -0.002424 0.004974 0.000375
v -0.002053 0.004932 0.000276
v -0.001956 0.004694 -0.000187
v -0.002424 0.004692 -0.000296
v -0.002424 0.005059 -0.000202
v -0.002053 0.004947 -0.000126
v -0.001956 0.004411 0.000075
v -0.002424 0.004252 0.000075
v -0.002433 0.004316 -0.000245
v -0.002053 0.004482 -0.000126
v -0.005705 0.004696 0.000175
v -0.005703 0.004696 -0.000044
v -0.005576 0.004640 0.000066
v -0.001823 0.004694 0.000075
v -0.002794 0.004566 0.000360
v -0.002794 0.004566 0.000360
v -0.002794 0.004339 0.000075
v -0.002794 0.004339 0.000075
v -0.002709 0.004246 0.000075
v -0.002709 0.004521 0.000426
v -0.002794 0.004457 -0.000157
v -0.002794 0.004457 -0.000157
v -0.002794 0.004694 -0.000263
v -0.002794 0.004694 -0.000263
v -0.002709 0.004694 -0.000330
v -0.002709 0.004370 -0.000223
v -0.002794 0.004972 -0.000157
v -0.002794 0.004972 -0.000157
v -0.002794 0.005090 0.000075
v -0.002794 0.005090 0.000075
v -0.002709 0.005182 0.000075
v -0.002709 0.005059 -0.000223
v -0.002794 0.004896 0.000330
v -0.002794 0.004896 0.000330
v -0.002709 0.004980 0.000396
v -0.002869 0.004646 0.000220
v -0.002869 0.004561 0.000077
v -0.002130 0.004559 0.000077
v -0.002130 0.004559 0.000077
v -0.002130 0.004650 0.000224
v -0.002130 0.004650 0.000224
v -0.002869 0.004818 -0.000027
v -0.002869 0.004826 0.000152
v -0.002130 0.004812 0.000165
v -0.002130 0.004812 0.000165
v -0.002130 0.004814 -0.000026
v -0.002130 0.004814 -0.000026
v -0.004370 0.004444 0.000405
v -0.004373 0.004483 0.000042
v -0.004128 0.004559 0.000077
v -0.004128 0.004645 0.000248
v -0.004332 0.004912 -0.000212
v -0.004303 0.004981 0.000080
v -0.004128 0.004827 0.000166
v -0.004128 0.004818 -0.000043
v -0.004338 0.004864 0.000464
v -0.004310 0.004610 0.000526
v -0.002424 0.004520 0.000399
v -0.002005 0.004577 0.000307
v -0.005680 0.004890 0.000141
v -0.005666 0.004889 -0.000030
v -0.002130 0.004648 -0.000069
v -0.002130 0.004648 -0.000069
v -0.002869 0.004644 -0.000065
v -0.004365 0.004627 -0.000242
v -0.004128 0.004643 -0.000082
v -0.004775 0.004667 0.000182
v -0.004770 0.004668 -0.000086
v -0.004777 0.004767 -0.000319
v -0.004755 0.004976 -0.000276
v -0.004727 0.005020 -0.000108
v -0.004727 0.005027 0.000201
v -0.004733 0.004971 0.000431
v -0.004740 0.004812 0.000466
v -0.005639 0.004733 0.000325
v -0.005603 0.004731 0.000508
v -0.005576 0.004901 0.000466
v -0.005615 0.004908 0.000344
v -0.005491 0.004631 0.000396
v -0.004606 0.004471 0.000366
v -0.004689 0.004666 0.000460
v -0.005623 0.004750 -0.000231
v -0.005586 0.004731 -0.000416
v -0.005497 0.004681 -0.000313
v -0.005596 0.004910 -0.000265
v -0.005559 0.004901 -0.000387
v -0.004775 0.004810 0.000201
v -0.005105 0.004877 0.000255
v -0.005105 0.005034 0.000273
v -0.005090 0.005019 0.000419
v -0.005086 0.004891 0.000474
v -0.005078 0.004774 0.000347
v -0.004776 0.004810 -0.000089
v -0.005113 0.004877 -0.000119
v -0.005086 0.004772 -0.000243
v -0.005094 0.004877 -0.000396
v -0.005096 0.005022 -0.000337
v -0.005111 0.005031 -0.000165
v -0.005416 0.004827 0.000263
v -0.005428 0.004992 0.000282
v -0.005389 0.004980 0.000490
v -0.005370 0.004843 0.000543
v -0.005368 0.004709 0.000391
v -0.005384 0.004828 -0.000147
v -0.005333 0.004682 -0.000284
v -0.005355 0.004831 -0.000451
v -0.005373 0.004982 -0.000390
v -0.005392 0.004989 -0.000195
v -0.005135 0.004877 0.000180
v -0.005116 0.004747 0.000066
v -0.005135 0.004877 -0.000051
v -0.005134 0.005052 -0.000032
v -0.005134 0.005060 0.000134
v -0.005459 0.004822 0.000215
v -0.005416 0.004656 0.000067
v -0.005459 0.004822 -0.000084
v -0.005471 0.004997 -0.000066
v -0.005472 0.005005 0.000169
v -0.004713 0.004485 0.000490
v -0.004868 0.004661 0.000528
v -0.004868 0.004661 0.000528
v -0.004724 0.004542 0.000673
v -0.004729 0.004463 0.000613
v -0.004823 0.004666 0.000651
v -0.004823 0.004666 0.000651
v -0.003980 0.004643 -0.000066
v -0.003980 0.004560 0.000077
v -0.003980 0.004645 0.000222
v -0.003980 0.004818 -0.000027
v -0.003980 0.004826 0.000152
v -0.005045 0.004377 0.000686
v -0.005057 0.004418 0.000523
v -0.005141 0.004587 0.000565
v -0.005111 0.004599 0.000725
v -0.005062 0.004464 0.000765
v -0.005200 0.004447 0.000697
v -0.003490 0.004560 0.000077
v -0.003337 0.004561 0.000077
v -0.003337 0.004646 0.000220
v -0.003490 0.004645 0.000220
v -0.003490 0.004825 0.000152
v -0.003337 0.004826 0.000152
v -0.003337 0.004817 -0.000027
v -0.003490 0.004817 -0.000027
v -0.003490 0.004643 -0.000065
v -0.003337 0.004644 -0.000065
v -0.003185 0.004561 0.000077
v -0.003185 0.004646 0.000220
v -0.003185 0.004826 0.000152
v -0.003185 0.004818 -0.000027
v -0.003185 0.004644 -0.000065
v -0.003646 0.004560 0.000077
v -0.003646 0.004643 -0.000066
v -0.003646 0.004645 0.000221
v -0.003646 0.004817 -0.000027
v -0.003646 0.004825 0.000152
v -0.003029 0.004561 0.000077
v -0.003029 0.004646 0.000220
v -0.003029 0.004826 0.000152
v -0.003029 0.004818 -0.000027
v -0.003029 0.004644 -0.000065
v -0.003813 0.004643 -0.000066
v -0.003813 0.004560 0.000077
v -0.003813 0.004645 0.000221
v -0.003813 0.004817 -0.000027
v -0.003813 0.004826 0.000152
vt 1.655400 -0.348600
vt 1.641200 -0.302100
vt 1.665000 -0.339000
vt 1.662400 -0.302100
vt 1.692000 -0.348600
vt 1.692000 -0.302100
vt 1.663400 -0.339000
vt 1.653500 -0.302100
vt 1.738100 -0.302100
vt 1.731400 -0.301200
vt 1.723800 -0.348600
vt 1.715900 -0.339000
vt -0.632900 -0.424900
vt -0.632900 -0.425000
vt -0.646600 -0.429400
vt 1.692000 -0.361800
vt 1.711400 -0.273700
vt 1.707100 -0.265400
vt 1.742400 -0.273700
vt 1.733700 -0.265400
vt 1.692000 -0.273700
vt 1.728400 -0.273700
vt 1.692000 -0.265400
vt 1.719900 -0.265400
vt 1.650800 -0.273700
vt 1.659400 -0.265400
vt 1.636900 -0.273700
vt 1.645600 -0.265400
vt 1.659700 -0.273700
vt 1.668300 -0.265400
vt -0.659700 -0.602400
vt -0.646200 -0.602400
vt -0.659700 -0.574700
vt -0.646900 -0.574700
vt -0.625500 -0.574700
vt -0.624000 -0.574700
vt -0.624700 -0.602400
vt -0.622800 -0.602400
vt -0.663700 -0.486200
vt -0.660500 -0.495600
vt -0.657000 -0.483100
vt -0.647600 -0.495600
vt -0.620800 -0.485100
vt -0.614100 -0.486200
vt -0.626000 -0.495600
vt -0.624500 -0.495600
vt -0.622700 -0.488100
vt -0.641000 -0.488100
vt 1.710000 -0.302100
vt 1.705100 -0.343800
vt -0.619200 -0.429300
vt -0.618600 -0.428700
vt 0.442500 -0.291200
vt 0.458900 -0.334500
vt 0.451100 -0.291200
vt 0.465200 -0.334500
vt 0.459000 -0.291200
vt 0.466200 -0.334500
vt 0.488600 -0.291200
vt 0.468400 -0.291200
vt 0.477700 -0.334500
vt 0.483100 -0.291200
vt 0.497200 -0.291200
vt 0.478700 -0.334500
vt -0.648100 -0.602400
vt -0.648800 -0.574700
vt -0.650300 -0.483500
vt -0.649500 -0.495600
vt -0.650200 -0.469300
vt -0.618100 -0.469100
vt -0.640500 -0.468500
vt -0.615800 -0.469200
vt -0.615000 -0.468800
vt -0.619400 -0.469400
vt -0.625600 -0.470300
vt -0.632900 -0.430000
vt -0.632900 -0.432900
vt -0.620300 -0.433800
vt -0.621000 -0.436400
vt -0.645800 -0.435400
vt -0.654200 -0.478200
vt -0.648000 -0.470500
vt -0.632900 -0.430100
vt -0.645700 -0.435400
vt -0.620900 -0.434400
vt -0.633000 -0.466300
vt -0.615200 -0.448900
vt -0.633000 -0.445800
vt -0.618300 -0.451000
vt -0.633000 -0.448200
vt -0.648900 -0.450200
vt -0.649100 -0.450100
vt -0.633000 -0.445700
vt -0.633000 -0.450100
vt -0.618100 -0.450500
vt -0.615800 -0.449200
vt -0.633000 -0.444300
vt -0.650200 -0.448700
vt -0.633000 -0.444400
vt -0.615800 -0.448600
vt -0.615000 -0.448000
vt -0.647600 -0.468100
vt -0.622600 -0.468800
vt -0.653500 -0.477400
vt -0.640500 -0.481200
vt -0.625300 -0.480400
vt -0.649500 -0.520900
vt -0.660400 -0.520900
vt -0.647600 -0.520900
vt -0.626100 -0.520900
vt -0.624600 -0.520900
vt -0.640600 -0.468100
vt -0.642300 -0.478300
vt -0.645100 -0.476200
vt -0.660400 -0.546800
vt -0.660100 -0.556000
vt -0.647600 -0.546800
vt -0.647400 -0.556000
vt -0.624500 -0.556000
vt -0.625900 -0.556000
vt -0.624700 -0.546800
vt -0.626200 -0.546800
vt -0.649300 -0.556000
vt -0.649500 -0.546800
vt -0.660000 -0.560700
vt -0.647200 -0.560700
vt -0.624300 -0.560700
vt -0.625800 -0.560700
vt -0.649100 -0.560700
vt -0.660400 -0.533800
vt -0.649500 -0.533800
vt -0.647600 -0.533800
vt -0.626200 -0.533800
vt -0.624700 -0.533800
vt -0.659800 -0.567700
vt -0.647100 -0.567700
vt -0.625600 -0.567700
vt -0.624200 -0.567700
vt -0.649000 -0.567700
vt -0.660400 -0.527300
vt -0.649500 -0.527300
vt -0.647600 -0.527300
vt -0.626100 -0.527300
vt -0.624600 -0.527300
vn 0.679000 0.733800 0.021100
vn 0.196100 0.980600 0.002200
vn 0.512400 0.495300 0.701500
vn 0.160300 0.503400 0.849100
vn 0.607400 -0.034700 -0.793700
vn 0.199100 0.065600 -0.977800
vn 0.502300 0.555500 -0.662600
vn 0.196400 0.637900 -0.744700
vn 0.147100 -0.933300 0.327600
vn 0.158100 -0.699900 -0.696500
vn 0.587600 -0.803400 0.096300
vn 0.561400 -0.446300 -0.696900
vn -0.783600 -0.369600 0.499400
vn -0.537100 -0.529600 -0.656500
vn 0.066200 -0.997800 0.001800
vn 0.999400 -0.000200 -0.035900
vn -0.260700 -0.482700 0.836100
vn -0.688200 -0.284200 0.667600
vn -0.434400 -0.889800 0.139700
vn -0.766300 -0.641800 -0.027900
vn -0.243400 -0.042700 -0.969000
vn -0.588900 -0.543500 -0.598200
vn -0.697100 -0.014800 -0.716800
vn -0.784600 -0.421900 -0.454300
vn -0.323400 0.586500 -0.742600
vn -0.760100 0.502800 -0.411700
vn -0.487400 0.858000 0.162000
vn -0.732600 0.676800 0.072000
vn -0.358500 0.320600 0.876700
vn -0.729400 0.419600 0.540300
vn -0.001100 -0.981600 -0.190700
vn -0.003100 -0.568900 0.822400
vn -0.000500 -0.995900 0.090200
vn -0.003800 -0.172300 0.985000
vn 0.000400 0.768900 -0.639400
vn 0.003000 0.829900 0.557800
vn 0.010900 0.913400 -0.407000
vn 0.000800 0.668600 0.743600
vn -0.134400 -0.950400 -0.280400
vn 0.282000 -0.941000 -0.187000
vn 0.287700 -0.943000 0.167000
vn 0.542000 -0.495100 0.679100
vn 0.507700 0.477400 -0.717200
vn 0.372300 0.927500 -0.034700
vn 0.440800 0.649400 -0.619700
vn 0.476700 0.737100 0.479000
vn 0.312900 0.651100 0.691500
vn 0.642300 -0.200300 0.739800
vn 0.172800 -0.395500 0.902100
vn 0.518800 -0.188000 0.834000
vn -0.739300 0.491200 -0.460600
vn -0.658200 0.469800 0.588300
vn -0.312700 0.944700 -0.098900
vn -0.304800 0.950900 -0.054500
vn -0.284300 0.719600 0.633500
vn -0.310700 0.368300 0.876300
vn -0.244100 0.564300 -0.788600
vn -0.264100 0.163500 -0.950500
vn -0.292400 -0.638200 0.712200
vn -0.275100 -0.066000 0.959200
vn -0.350400 -0.677400 0.646800
vn -0.247100 -0.420700 -0.872900
vn -0.338100 -0.939200 -0.060000
vn -0.334700 -0.756700 -0.561600
vn -0.000800 -0.156100 -0.987700
vn -0.001400 -0.398900 -0.917000
vn 0.291300 -0.465000 -0.836000
vn 0.428000 -0.323000 -0.844100
vn -0.596800 -0.802400 -0.003200
vn -0.447600 -0.874800 -0.185400
vn 0.243000 0.601400 -0.761100
vn -0.049900 -0.652300 -0.756300
vn 0.029600 0.993000 -0.114700
vn 0.060600 0.957400 0.282400
vn 0.097600 0.690500 0.716700
vn -0.234800 0.490700 0.839100
vn -0.653400 -0.293700 -0.697700
vn -0.727800 -0.230600 0.645900
vn -0.797200 0.603000 -0.029300
vn -0.539100 0.498900 0.678600
vn 0.123700 -0.992100 -0.021600
vn -0.563600 -0.798000 -0.213500
vn -0.771400 -0.619400 -0.145700
vn -0.574900 -0.588800 0.568200
vn -0.712100 -0.338600 -0.615000
vn -0.063300 -0.974400 -0.215600
vn -0.770300 0.596000 0.226900
vn -0.514600 0.491600 -0.702500
vn -0.731400 -0.546100 -0.408500
vn -0.131900 0.765300 -0.630100
vn -0.085800 -0.219000 -0.972000
vn 0.063900 0.771500 0.633000
vn 0.070600 -0.052400 0.996100
vn -0.130900 -0.971600 -0.197300
vn -0.708800 -0.702900 -0.060300
vn -0.073500 -0.954300 0.289800
vn -0.121800 -0.110400 0.986400
vn 0.227700 -0.282200 -0.931900
vn 0.104900 0.788100 -0.606600
vn -0.129100 0.890700 0.435800
vn 0.030700 -0.431900 -0.901400
vn -0.277500 0.523600 -0.805500
vn -0.157500 0.823800 0.544600
vn 0.141700 -0.305800 0.941500
vn 0.380900 -0.923100 -0.052400
vn -0.154300 -0.261400 0.952800
vn 0.168200 -0.985200 0.034100
vn 0.083900 -0.156800 -0.984100
vn -0.204600 0.881200 -0.426300
vn -0.293700 0.684100 0.667700
vn -0.009000 -0.101900 0.994800
vn -0.117600 -0.993000 0.008100
vn -0.025700 -0.191300 -0.981200
vn -0.090200 0.831400 -0.548400
vn -0.022800 0.886000 0.463200
vn 0.041500 -0.319600 0.946600
vn 0.195500 -0.980700 0.004700
vn 0.054500 -0.372000 -0.926600
vn -0.187200 0.571300 -0.799100
vn -0.262700 0.822200 0.504900
vn -0.298600 -0.557900 -0.774300
vn -0.633200 0.222100 -0.741400
vn 0.267400 -0.884000 0.383500
vn 0.307700 -0.058000 0.949700
vn -0.224800 0.706000 0.671600
vn 0.047100 -0.500000 -0.864700
vn 0.019500 -0.983100 0.181800
vn 0.073100 -0.050800 0.996000
vn 0.025100 0.766600 -0.641700
vn 0.024100 0.907100 0.420300
vn -0.253000 -0.771700 -0.583400
vn -0.043300 -0.953400 0.298500
vn -0.607100 0.408400 -0.681600
vn -0.273300 0.867200 -0.416400
vn 0.050500 0.647700 0.760200
vn -0.427000 0.745700 0.511500
vn 0.060300 -0.220800 0.973500
vn -0.875200 -0.386300 0.291100
vn 0.003400 -0.993600 -0.112800
vn 0.004400 -1.000000 0.003700
vn 0.003800 -0.572700 0.819800
vn 0.000300 -0.330300 0.943900
vn -0.003200 0.836200 0.548500
vn -0.003000 0.763700 -0.645500
vn -0.000900 0.774900 0.632000
vn -0.000200 0.764800 -0.644300
vn 0.000900 -0.401400 -0.915900
vn 0.004000 -0.400900 -0.916100
vn 0.000000 -1.000000 0.003700
vn 0.000000 -0.330300 0.943900
vn 0.000000 0.835100 0.550100
vn -0.001700 0.764100 -0.645100
vn -0.000200 -0.401600 -0.915800
vn 0.000500 -1.000000 0.004100
vn 0.002100 -0.400100 -0.916500
vn 0.002000 -0.330200 0.943900
vn 0.002700 0.765200 -0.643700
vn 0.001700 0.836200 0.548400
vn 0.000000 -0.215700 0.976500
vn 0.000000 0.764700 -0.644400
vn 0.000000 0.905400 0.424600
vn 0.000000 -0.401700 -0.915800
vn 0.000200 -0.400800 -0.916200
vn 0.002400 -0.330600 0.943800
vn 0.001500 0.765300 -0.643700
vn 0.002700 0.837500 0.546500
usemtl 3D_Object_32Mat
s 1
f 15/15/15 16/16/16 18/17/17
f 16/16/16 17/18/18 18/17/17
f 19/19/19 20/20/20 22/21/21
f 20/20/20 21/22/22 22/21/21
f 24/23/23 25/24/24 23/25/25
f 23/25/25 25/24/24 26/26/26
f 27/27/27 28/28/28 29/29/29
f 23/25/25 26/26/26 30/30/30
f 19/19/19 30/30/30 26/26/26
f 36/31/31 31/32/32 35/33/33
f 31/32/32 33/34/34 35/33/33
f 41/35/35 42/36/36 39/37/37
f 37/38/38 39/37/37 42/36/36
f 48/39/39 43/40/40 47/41/41
f 43/40/40 45/42/42 47/41/41
f 36/31/31 51/43/43 31/32/32
f 49/44/44 31/32/32 51/43/43
f 55/45/45 57/46/46 53/47/47
f 52/48/48 53/47/47 57/46/46
f 58/49/49 59/50/50 63/51/51
f 59/50/50 61/52/52 63/51/51
f 59/50/50 52/48/48 61/52/52
f 52/48/48 57/46/46 61/52/52
f 65/53/53 66/54/54 64/55/55
f 64/55/55 66/54/54 67/56/56
f 68/57/57 69/58/58 71/59/59
f 69/58/58 70/60/60 71/59/59
f 72/61/61 73/62/62 70/60/60
f 73/62/62 67/56/56 70/60/60
f 36/31/31 74/63/63 51/43/43
f 74/63/63 17/18/18 51/43/43
f 74/63/63 75/64/64 17/18/18
f 17/18/18 75/64/64 18/17/17
f 51/43/43 17/18/18 47/41/41
f 17/18/18 16/16/16 47/41/41
f 47/41/41 16/16/16 48/39/39
f 16/16/16 21/22/22 48/39/39
f 15/15/15 22/21/21 16/16/16
f 21/22/22 16/16/16 22/21/21
f 21/22/22 20/20/20 48/39/39
f 20/20/20 41/35/35 48/39/39
f 20/20/20 25/24/24 41/35/35
f 41/35/35 25/24/24 42/36/36
f 25/24/24 20/20/20 26/26/26
f 20/20/20 19/19/19 26/26/26
f 24/23/23 35/33/33 25/24/24
f 25/24/24 35/33/33 42/36/36
f 35/33/33 24/23/23 36/31/31
f 24/23/23 74/63/63 36/31/31
f 24/23/23 23/25/25 74/63/63
f 74/63/63 23/25/25 75/64/64
f 28/28/28 27/27/27 77/65/65
f 27/27/27 76/66/66 77/65/65
f 23/25/25 30/30/30 75/64/64
f 75/64/64 30/30/30 18/17/17
f 30/30/30 15/15/15 18/17/17
f 15/15/15 30/30/30 22/21/21
f 30/30/30 19/19/19 22/21/21
f 35/33/33 33/34/34 42/36/36
f 33/34/34 37/38/38 42/36/36
f 34/67/67 54/68/68 38/69/69
f 38/69/69 54/68/68 78/70/70
f 34/67/67 32/71/71 54/68/68
f 54/68/68 32/71/71 56/72/72
f 41/35/35 39/37/37 48/39/39
f 39/37/37 43/40/40 48/39/39
f 44/73/73 40/74/74 62/75/75
f 40/74/74 78/70/70 62/75/75
f 78/70/70 40/74/74 38/69/69
f 51/43/43 47/41/41 49/44/44
f 47/41/41 45/42/42 49/44/44
f 50/76/76 46/77/77 60/78/78
f 62/75/75 46/77/77 44/73/73
f 32/71/71 50/76/76 56/72/72
f 56/72/72 50/76/76 60/78/78
f 79/79/79 55/45/45 80/80/80
f 55/45/45 53/47/47 80/80/80
f 80/80/80 58/49/49 79/79/79
f 79/79/79 58/49/49 63/51/51
f 65/53/53 81/81/81 66/54/54
f 66/54/54 81/81/81 82/82/82
f 65/53/53 83/83/83 84/83/84
f 81/81/81 68/57/57 82/82/82
f 82/82/82 68/57/57 71/59/59
f 68/57/57 81/81/81 86/84/85
f 81/81/81 85/85/86 86/84/85
f 70/60/60 69/58/58 72/61/61
f 69/58/58 87/86/87 88/87/88
f 67/56/56 73/62/62 64/55/55
f 72/61/61 89/88/89 90/89/90
f 91/90/91 92/91/92 94/92/93
f 92/91/92 93/93/94 94/92/93
f 92/91/92 91/90/91 95/94/95
f 96/95/96 97/96/97 83/83/83
f 81/81/81 65/53/53 85/85/86
f 65/53/53 84/83/84 85/85/86
f 98/97/98 99/91/99 100/98/100
f 98/97/98 101/99/101 99/91/99
f 99/91/99 101/99/101 102/93/102
f 68/57/57 86/84/85 69/58/58
f 69/58/58 86/84/85 87/86/87
f 88/87/88 103/100/103 105/101/104
f 103/100/103 104/102/105 105/101/104
f 89/88/89 106/103/106 90/89/90
f 106/103/106 107/104/107 90/89/90
f 108/105/108 97/96/97 107/104/107
f 90/89/90 107/104/107 97/96/97
f 97/96/97 108/105/108 83/83/83
f 83/83/83 108/105/108 103/100/103
f 108/105/108 104/102/105 103/100/103
f 84/83/84 109/100/109 111/106/110
f 109/100/109 110/107/111 111/106/110
f 84/83/84 111/106/110 85/85/86
f 85/85/86 111/106/110 112/108/112
f 85/85/86 112/108/112 86/84/85
f 112/108/112 113/109/113 86/84/85
f 114/110/114 87/86/87 113/109/113
f 86/84/85 113/109/113 87/86/87
f 114/110/114 110/107/111 87/86/87
f 87/86/87 110/107/111 109/100/109
f 115/102/115 91/90/91 116/101/116
f 91/90/91 94/92/93 116/101/116
f 116/101/116 94/92/93 117/103/117
f 94/92/93 93/93/94 117/103/117
f 92/91/92 118/104/118 93/93/94
f 117/103/117 93/93/94 118/104/118
f 92/91/92 95/94/95 118/104/118
f 118/104/118 95/94/95 119/105/119
f 91/90/91 115/102/115 95/94/95
f 119/105/119 95/94/95 115/102/115
f 120/107/120 98/97/98 121/106/121
f 98/97/98 100/98/100 121/106/121
f 99/91/99 122/108/122 100/98/100
f 121/106/121 100/98/100 122/108/122
f 99/91/99 102/93/102 122/108/122
f 122/108/122 102/93/102 123/109/123
f 124/110/124 123/109/123 101/99/101
f 123/109/123 102/93/102 101/99/101
f 98/97/98 120/107/120 101/99/101
f 124/110/124 101/99/101 120/107/120
f 125/111/125 126/112/126 103/100/103
f 103/100/103 126/112/126 83/83/83
f 83/83/83 126/112/126 84/83/84
f 84/83/84 126/112/126 109/100/109
f 126/112/126 127/113/127 109/100/109
f 128/114/128 87/86/87 127/113/127
f 109/100/109 127/113/127 87/86/87
f 88/87/88 87/86/87 129/115/129
f 87/86/87 128/114/128 129/115/129
f 129/115/129 125/111/125 88/87/88
f 88/87/88 125/111/125 103/100/103
f 27/27/27 29/29/29 130/111/130
f 130/111/130 29/29/29 131/112/131
f 28/28/28 132/113/132 29/29/29
f 131/112/131 29/29/29 132/113/132
f 28/28/28 77/65/65 132/113/132
f 132/113/132 77/65/65 133/114/133
f 133/114/133 77/65/65 134/115/134
f 77/65/65 76/66/66 134/115/134
f 27/27/27 130/111/130 76/66/66
f 134/115/134 76/66/66 130/111/130
f 96/95/96 135/116/135 97/96/97
f 135/116/135 137/117/136 97/96/97
f 137/117/136 90/89/90 97/96/97
f 64/55/55 73/62/62 139/118/137
f 73/62/62 138/119/138 139/118/137
f 141/120/139 138/119/138 72/61/61
f 72/61/61 138/119/138 73/62/62
f 82/82/82 142/121/140 66/54/54
f 142/121/140 143/122/141 66/54/54
f 66/54/54 143/122/141 67/56/56
f 143/122/141 144/123/142 67/56/56
f 145/124/143 142/121/140 71/59/59
f 71/59/59 142/121/140 82/82/82
f 71/59/59 70/60/60 145/124/143
f 70/60/60 146/125/144 145/124/143
f 67/56/56 144/123/142 70/60/60
f 144/123/142 146/125/144 70/60/60
f 135/116/135 139/118/137 148/116/145
f 139/118/137 147/118/146 148/116/145
f 148/116/145 149/126/147 135/116/135
f 135/116/135 149/126/147 136/126/148
f 140/127/149 136/126/148 150/127/150
f 136/126/148 149/126/147 150/127/150
f 138/119/138 151/119/151 139/118/137
f 151/119/151 147/118/146 139/118/137
f 138/119/138 140/127/149 151/119/151
f 140/127/149 150/127/150 151/119/151
f 147/118/146 152/128/152 148/116/145
f 148/116/145 152/128/152 149/126/147
f 149/126/147 152/128/152 150/127/150
f 151/119/151 152/128/152 147/118/146
f 150/127/150 152/128/152 151/119/151
f 137/117/136 141/120/139 90/89/90
f 90/89/90 141/120/139 72/61/61
f 89/88/89 88/87/88 106/103/106
f 88/87/88 105/101/104 106/103/106
f 69/58/58 88/87/88 72/61/61
f 72/61/61 88/87/88 89/88/89
f 105/101/104 104/102/105 116/101/116
f 116/101/116 104/102/105 115/102/115
f 106/103/106 117/103/117 107/104/107
f 118/104/118 107/104/107 117/103/117
f 119/105/119 108/105/108 118/104/118
f 108/105/108 107/104/107 118/104/118
f 119/105/119 115/102/115 108/105/108
f 115/102/115 104/102/105 108/105/108
f 121/106/121 111/106/110 120/107/120
f 111/106/110 110/107/111 120/107/120
f 122/108/122 112/108/112 121/106/121
f 112/108/112 111/106/110 121/106/121
f 123/109/123 113/109/113 122/108/122
f 113/109/113 112/108/112 122/108/122
f 124/110/124 114/110/114 123/109/123
f 114/110/114 113/109/113 123/109/123
f 120/107/120 110/107/111 124/110/124
f 110/107/111 114/110/114 124/110/124
f 131/112/131 126/112/126 130/111/130
f 126/112/126 125/111/125 130/111/130
f 131/112/131 132/113/132 126/112/126
f 132/113/132 127/113/127 126/112/126
f 128/114/128 127/113/127 133/114/133
f 133/114/133 127/113/127 132/113/132
f 133/114/133 134/115/134 128/114/128
f 134/115/134 129/115/129 128/114/128
f 129/115/129 134/115/134 125/111/125
f 130/111/130 125/111/125 134/115/134
f 116/101/116 117/103/117 105/101/104
f 117/103/117 106/103/106 105/101/104
f 65/53/53 64/55/55 96/95/96
f 139/118/137 135/116/135 64/55/55
f 64/55/55 135/116/135 96/95/96
f 65/53/53 96/95/96 83/83/83
f 153/129/153 154/130/154 156/131/155
f 154/130/154 155/132/156 156/131/155
f 158/133/157 159/134/158 157/135/159
f 157/135/159 159/134/158 160/136/160
f 156/131/155 155/132/156 157/135/159
f 155/132/156 158/133/157 157/135/159
f 162/137/161 154/130/154 161/138/162
f 161/138/162 154/130/154 153/129/153
f 159/134/158 162/137/161 160/136/160
f 160/136/160 162/137/161 161/138/162
f 154/130/154 163/139/163 155/132/156
f 163/139/163 164/140/164 155/132/156
f 165/141/165 166/142/166 158/133/157
f 158/133/157 166/142/166 159/134/158
f 155/132/156 164/140/164 158/133/157
f 164/140/164 165/141/165 158/133/157
f 167/143/167 163/139/163 162/137/161
f 162/137/161 163/139/163 154/130/154
f 166/142/166 167/143/167 159/134/158
f 159/134/158 167/143/167 162/137/161
f 60/78/78 46/77/77 62/75/75
f 168/144/168 169/145/169 153/129/153
f 161/138/162 153/129/153 169/145/169
f 170/146/170 168/144/168 156/131/155
f 153/129/153 156/131/155 168/144/168
f 169/145/169 171/147/171 161/138/162
f 160/136/160 161/138/162 171/147/171
f 171/147/171 172/148/172 160/136/160
f 157/135/159 160/136/160 172/148/172
f 172/148/172 170/146/170 157/135/159
f 156/131/155 157/135/159 170/146/170
f 163/139/163 173/149/163 164/140/164
f 164/140/164 173/149/163 174/150/173
f 52/48/48 174/150/173 53/47/47
f 53/47/47 174/150/173 173/149/163
f 166/142/166 165/141/165 176/151/174
f 165/141/165 175/152/175 176/151/174
f 59/50/50 58/49/49 175/152/175
f 58/49/49 176/151/174 175/152/175
f 164/140/164 174/150/173 165/141/165
f 165/141/165 174/150/173 175/152/175
f 52/48/48 59/50/50 174/150/173
f 59/50/50 175/152/175 174/150/173
f 163/139/163 167/143/167 173/149/163
f 167/143/167 177/153/176 173/149/163
f 80/80/80 53/47/47 177/153/176
f 53/47/47 173/149/163 177/153/176
f 167/143/167 166/142/166 177/153/176
f 166/142/166 176/151/174 177/153/176
f 58/49/49 80/80/80 176/151/174
f 80/80/80 177/153/176 176/151/174
f 143/122/141 142/121/140 179/154/163
f 142/121/140 178/155/177 179/154/163
f 179/154/163 178/155/177 168/144/168
f 169/145/169 168/144/168 178/155/177
f 144/123/142 143/122/141 180/156/178
f 143/122/141 179/154/163 180/156/178
f 180/156/178 179/154/163 170/146/170
f 168/144/168 170/146/170 179/154/163
f 142/121/140 145/124/143 178/155/177
f 145/124/143 181/157/179 178/155/177
f 178/155/177 181/157/179 169/145/169
f 171/147/171 169/145/169 181/157/179
f 145/124/143 146/125/144 181/157/179
f 146/125/144 182/158/180 181/157/179
f 181/157/179 182/158/180 171/147/171
f 172/148/172 171/147/171 182/158/180
f 146/125/144 144/123/142 182/158/180
f 144/123/142 180/156/178 182/158/180
f 182/158/180 180/156/178 172/148/172
f 170/146/170 172/148/172 180/156/178
o 3D_Object_42
v 0.003495 0.005018 0.000075
v 0.003592 0.004932 0.000276
v 0.003963 0.004974 0.000375
v 0.003963 0.005176 0.000075
v 0.003495 0.004694 -0.000187
v 0.003592 0.004947 -0.000126
v 0.003963 0.005059 -0.000202
v 0.003963 0.004692 -0.000296
v 0.003495 0.004411 0.000075
v 0.003592 0.004482 -0.000126
v 0.003973 0.004316 -0.000245
v 0.003963 0.004252 0.000075
v 0.007245 0.004696 0.000175
v 0.007115 0.004640 0.000066
v 0.007243 0.004696 -0.000044
v 0.003362 0.004694 0.000075
v 0.004333 0.004566 0.000360
v 0.004333 0.004566 0.000360
v 0.004249 0.004521 0.000426
v 0.004249 0.004246 0.000075
v 0.004333 0.004339 0.000075
v 0.004333 0.004339 0.000075
v 0.004333 0.004457 -0.000157
v 0.004333 0.004457 -0.000157
v 0.004249 0.004370 -0.000223
v 0.004249 0.004694 -0.000330
v 0.004333 0.004694 -0.000263
v 0.004333 0.004694 -0.000263
v 0.004333 0.004972 -0.000157
v 0.004333 0.004972 -0.000157
v 0.004249 0.005059 -0.000223
v 0.004249 0.005182 0.000075
v 0.004333 0.005090 0.000075
v 0.004333 0.005090 0.000075
v 0.004333 0.004896 0.000330
v 0.004333 0.004896 0.000330
v 0.004249 0.004980 0.000396
v 0.004408 0.004646 0.000220
v 0.003670 0.004650 0.000224
v 0.003670 0.004650 0.000224
v 0.003670 0.004559 0.000077
v 0.003670 0.004559 0.000077
v 0.004408 0.004561 0.000077
v 0.004408 0.004818 -0.000027
v 0.003670 0.004814 -0.000026
v 0.003670 0.004814 -0.000026
v 0.003670 0.004812 0.000165
v 0.003670 0.004812 0.000165
v 0.004408 0.004826 0.000152
v 0.005909 0.004444 0.000405
v 0.005668 0.004645 0.000248
v 0.005668 0.004559 0.000077
v 0.005913 0.004483 0.000042
v 0.005872 0.004912 -0.000212
v 0.005668 0.004818 -0.000043
v 0.005668 0.004827 0.000166
v 0.005842 0.004981 0.000080
v 0.005878 0.004864 0.000464
v 0.005850 0.004610 0.000526
v 0.003963 0.004520 0.000399
v 0.003544 0.004577 0.000307
v 0.007205 0.004889 -0.000030
v 0.007219 0.004890 0.000141
v 0.003670 0.004648 -0.000069
v 0.003670 0.004648 -0.000069
v 0.004408 0.004644 -0.000065
v 0.005668 0.004643 -0.000082
v 0.005904 0.004627 -0.000242
v 0.006309 0.004668 -0.000086
v 0.006314 0.004667 0.000182
v 0.006294 0.004976 -0.000276
v 0.006317 0.004767 -0.000319
v 0.006266 0.005027 0.000201
v 0.006266 0.005020 -0.000108
v 0.006279 0.004812 0.000466
v 0.006272 0.004971 0.000431
v 0.007178 0.004733 0.000325
v 0.007154 0.004908 0.000344
v 0.007116 0.004901 0.000466
v 0.007142 0.004731 0.000508
v 0.007030 0.004631 0.000396
v 0.006146 0.004471 0.000366
v 0.006228 0.004666 0.000460
v 0.007162 0.004750 -0.000231
v 0.007036 0.004681 -0.000313
v 0.007125 0.004731 -0.000416
v 0.007098 0.004901 -0.000387
v 0.007136 0.004910 -0.000265
v 0.006315 0.004810 0.000201
v 0.006644 0.005034 0.000273
v 0.006644 0.004877 0.000255
v 0.006629 0.005019 0.000419
v 0.006626 0.004891 0.000474
v 0.006618 0.004774 0.000347
v 0.006316 0.004810 -0.000089
v 0.006625 0.004772 -0.000243
v 0.006653 0.004877 -0.000119
v 0.006633 0.004877 -0.000396
v 0.006635 0.005022 -0.000337
v 0.006651 0.005031 -0.000165
v 0.006956 0.004827 0.000263
v 0.006968 0.004992 0.000282
v 0.006928 0.004980 0.000490
v 0.006910 0.004843 0.000543
v 0.006907 0.004709 0.000391
v 0.006924 0.004828 -0.000147
v 0.006872 0.004682 -0.000284
v 0.006895 0.004831 -0.000451
v 0.006912 0.004982 -0.000390
v 0.006931 0.004989 -0.000195
v 0.006655 0.004747 0.000066
v 0.006675 0.004877 0.000180
v 0.006675 0.004877 -0.000051
v 0.006674 0.005052 -0.000032
v 0.006674 0.005060 0.000134
v 0.006999 0.004822 0.000215
v 0.006956 0.004656 0.000067
v 0.006999 0.004822 -0.000084
v 0.007010 0.004997 -0.000066
v 0.007011 0.005005 0.000169
v 0.006252 0.004485 0.000490
v 0.006408 0.004661 0.000528
v 0.006408 0.004661 0.000528
v 0.006268 0.004463 0.000613
v 0.006263 0.004542 0.000672
v 0.006362 0.004666 0.000651
v 0.006362 0.004666 0.000651
v 0.005519 0.004560 0.000077
v 0.005519 0.004643 -0.000066
v 0.005519 0.004645 0.000222
v 0.005519 0.004818 -0.000027
v 0.005519 0.004826 0.000152
v 0.006596 0.004418 0.000523
v 0.006584 0.004377 0.000686
v 0.006680 0.004587 0.000565
v 0.006651 0.004599 0.000725
v 0.006601 0.004464 0.000765
v 0.006740 0.004447 0.000697
v 0.005029 0.004560 0.000077
v 0.005029 0.004645 0.000220
v 0.004876 0.004646 0.000220
v 0.004876 0.004561 0.000077
v 0.005029 0.004825 0.000152
v 0.005029 0.004817 -0.000027
v 0.004876 0.004817 -0.000027
v 0.004876 0.004826 0.000152
v 0.005029 0.004643 -0.000065
v 0.004876 0.004644 -0.000065
v 0.004724 0.004646 0.000220
v 0.004724 0.004561 0.000077
v 0.004724 0.004818 -0.000027
v 0.004724 0.004826 0.000152
v 0.004724 0.004644 -0.000065
v 0.004568 0.004561 0.000077
v 0.004568 0.004646 0.000220
v 0.004568 0.004826 0.000152
v 0.004568 0.004818 -0.000027
v 0.004568 0.004644 -0.000065
v 0.005185 0.004643 -0.000066
v 0.005185 0.004560 0.000077
v 0.005185 0.004645 0.000221
v 0.005185 0.004817 -0.000027
v 0.005185 0.004825 0.000152
v 0.005352 0.004560 0.000077
v 0.005352 0.004643 -0.000066
v 0.005352 0.004645 0.000221
v 0.005352 0.004817 -0.000027
v 0.005352 0.004826 0.000152
vt 1.655400 -0.348600
vt 1.665000 -0.339000
vt 1.641200 -0.302100
vt 1.662400 -0.302100
vt 1.692000 -0.348600
vt 1.663400 -0.339000
vt 1.692000 -0.302100
vt 1.653500 -0.302100
vt 1.738100 -0.302100
vt 1.723800 -0.348600
vt 1.731400 -0.301200
vt 1.715900 -0.339000
vt -0.632900 -0.424900
vt -0.646600 -0.429400
vt -0.632900 -0.425000
vt 1.692000 -0.361800
vt 1.711400 -0.273700
vt 1.742400 -0.273700
vt 1.707100 -0.265400
vt 1.733700 -0.265400
vt 1.692000 -0.273700
vt 1.692000 -0.265400
vt 1.728400 -0.273700
vt 1.719900 -0.265400
vt 1.650800 -0.273700
vt 1.636900 -0.273700
vt 1.659400 -0.265400
vt 1.645600 -0.265400
vt 1.659700 -0.273700
vt 1.668300 -0.265400
vt -0.646200 -0.602400
vt -0.659700 -0.602400
vt -0.646900 -0.574700
vt -0.659700 -0.574700
vt -0.625500 -0.574700
vt -0.624700 -0.602400
vt -0.624000 -0.574700
vt -0.622800 -0.602400
vt -0.663700 -0.486200
vt -0.657000 -0.483100
vt -0.660500 -0.495600
vt -0.647600 -0.495600
vt -0.620800 -0.485100
vt -0.626000 -0.495600
vt -0.614100 -0.486200
vt -0.624500 -0.495600
vt -0.622700 -0.488100
vt -0.641000 -0.488100
vt 1.710000 -0.302100
vt 1.705100 -0.343800
vt -0.619200 -0.429300
vt -0.618600 -0.428700
vt 0.442500 -0.291200
vt 0.451100 -0.291200
vt 0.458900 -0.334500
vt 0.465200 -0.334500
vt 0.459000 -0.291200
vt 0.466200 -0.334500
vt 0.488600 -0.291200
vt 0.477700 -0.334500
vt 0.468400 -0.291200
vt 0.483100 -0.291200
vt 0.478700 -0.334500
vt 0.497200 -0.291200
vt -0.648100 -0.602400
vt -0.648800 -0.574700
vt -0.650300 -0.483500
vt -0.649500 -0.495600
vt -0.650200 -0.469300
vt -0.618100 -0.469100
vt -0.640500 -0.468500
vt -0.615000 -0.468800
vt -0.615800 -0.469200
vt -0.625600 -0.470300
vt -0.619400 -0.469400
vt -0.632900 -0.430000
vt -0.620300 -0.433800
vt -0.632900 -0.432900
vt -0.621000 -0.436400
vt -0.645800 -0.435400
vt -0.654200 -0.478200
vt -0.648000 -0.470500
vt -0.632900 -0.430100
vt -0.645700 -0.435400
vt -0.620900 -0.434400
vt -0.615200 -0.448900
vt -0.633000 -0.466300
vt -0.633000 -0.445800
vt -0.618300 -0.451000
vt -0.633000 -0.448200
vt -0.648900 -0.450200
vt -0.649100 -0.450100
vt -0.633000 -0.445700
vt -0.633000 -0.450100
vt -0.618100 -0.450500
vt -0.615800 -0.449200
vt -0.633000 -0.444300
vt -0.650200 -0.448700
vt -0.633000 -0.444400
vt -0.615800 -0.448600
vt -0.615000 -0.448000
vt -0.647600 -0.468100
vt -0.622600 -0.468800
vt -0.653500 -0.477400
vt -0.640500 -0.481200
vt -0.625300 -0.480400
vt -0.649500 -0.520900
vt -0.660400 -0.520900
vt -0.647600 -0.520900
vt -0.626100 -0.520900
vt -0.624600 -0.520900
vt -0.640600 -0.468100
vt -0.642300 -0.478300
vt -0.645100 -0.476200
vt -0.660400 -0.546800
vt -0.647600 -0.546800
vt -0.660100 -0.556000
vt -0.647400 -0.556000
vt -0.626200 -0.546800
vt -0.625900 -0.556000
vt -0.624700 -0.546800
vt -0.624500 -0.556000
vt -0.649500 -0.546800
vt -0.649300 -0.556000
vt -0.660000 -0.560700
vt -0.647200 -0.560700
vt -0.625800 -0.560700
vt -0.624300 -0.560700
vt -0.649100 -0.560700
vt -0.647100 -0.567700
vt -0.659800 -0.567700
vt -0.624200 -0.567700
vt -0.625600 -0.567700
vt -0.649000 -0.567700
vt -0.649500 -0.533800
vt -0.660400 -0.533800
vt -0.647600 -0.533800
vt -0.626200 -0.533800
vt -0.624700 -0.533800
vt -0.649500 -0.527300
vt -0.660400 -0.527300
vt -0.647600 -0.527300
vt -0.626100 -0.527300
vt -0.624600 -0.527300
vn -0.679000 0.733800 0.021100
vn -0.512300 0.495300 0.701600
vn -0.196100 0.980600 0.002200
vn -0.160200 0.503400 0.849100
vn -0.607400 -0.034700 -0.793700
vn -0.502300 0.555500 -0.662600
vn -0.198800 0.065400 -0.977800
vn -0.196300 0.637900 -0.744700
vn -0.147000 -0.933300 0.327500
vn -0.587500 -0.803500 0.096100
vn -0.157700 -0.700100 -0.696400
vn -0.561100 -0.446700 -0.696900
vn 0.784100 -0.366700 0.500700
vn -0.066800 -0.997800 0.001800
vn 0.537000 -0.528100 -0.657900
vn -0.999400 -0.000200 -0.035900
vn 0.263200 -0.482500 0.835400
vn 0.437300 -0.888500 0.139200
vn 0.692400 -0.282600 0.663800
vn 0.770000 -0.637400 -0.027500
vn 0.245800 -0.042800 -0.968400
vn 0.701300 -0.014700 -0.712700
vn 0.592200 -0.541800 -0.596400
vn 0.788100 -0.418800 -0.451000
vn 0.326000 0.586000 -0.741800
vn 0.490700 0.856200 0.161900
vn 0.763900 0.499300 -0.408900
vn 0.736600 0.672500 0.071700
vn 0.361500 0.320000 0.875700
vn 0.733400 0.416800 0.537000
vn 0.003300 -0.327500 0.944900
vn 0.000300 -1.000000 0.003600
vn 0.003700 -0.329400 0.944200
vn 0.001400 -1.000000 0.003700
vn -0.000400 0.768800 -0.639500
vn -0.010900 0.913400 -0.407000
vn -0.003000 0.830000 0.557800
vn -0.000800 0.668600 0.743600
vn 0.134700 -0.950400 -0.280400
vn -0.288600 -0.942700 0.167500
vn -0.282400 -0.940900 -0.187000
vn -0.542400 -0.494300 0.679400
vn -0.508100 0.477200 -0.717000
vn -0.441100 0.648800 -0.620100
vn -0.373200 0.927100 -0.034800
vn -0.477000 0.736700 0.479300
vn -0.313400 0.650200 0.692100
vn -0.641900 -0.198200 0.740700
vn -0.172600 -0.395500 0.902100
vn -0.518800 -0.188000 0.834000
vn 0.738400 0.493300 -0.459900
vn 0.657600 0.471800 0.587300
vn 0.313100 0.944500 -0.098900
vn 0.284700 0.719500 0.633400
vn 0.305200 0.950700 -0.054500
vn 0.311100 0.368200 0.876200
vn 0.244500 0.564300 -0.788600
vn 0.264500 0.163500 -0.950400
vn 0.292800 -0.638100 0.712100
vn 0.350900 -0.677200 0.646700
vn 0.275500 -0.066000 0.959000
vn 0.247400 -0.420600 -0.872900
vn 0.335100 -0.756600 -0.561500
vn 0.338600 -0.939000 -0.060000
vn 0.000800 -0.156200 -0.987700
vn 0.001400 -0.398900 -0.917000
vn -0.292000 -0.464800 -0.835900
vn -0.428600 -0.322500 -0.844000
vn 0.447800 -0.874800 -0.184700
vn 0.597100 -0.802200 -0.003500
vn -0.243100 0.601100 -0.761300
vn 0.050300 -0.652700 -0.755900
vn -0.060700 0.957400 0.282400
vn -0.029600 0.993000 -0.114700
vn 0.233600 0.490900 0.839300
vn -0.097700 0.690500 0.716700
vn 0.654000 -0.293600 -0.697100
vn 0.798300 0.601500 -0.031300
vn 0.728800 -0.232700 0.644000
vn 0.540900 0.498800 0.677200
vn -0.123500 -0.992100 -0.021400
vn 0.565200 -0.797200 -0.212500
vn 0.772000 -0.618900 -0.145100
vn 0.574400 -0.590100 0.567300
vn 0.063100 -0.974400 -0.215900
vn 0.710700 -0.339500 -0.616200
vn 0.770900 0.595900 0.225100
vn 0.513300 0.491000 -0.703900
vn 0.131900 0.765400 -0.629900
vn 0.730700 -0.546800 -0.408900
vn 0.086000 -0.218800 -0.972000
vn -0.063900 0.771300 0.633200
vn -0.070700 -0.053000 0.996100
vn 0.130500 -0.971600 -0.197400
vn 0.073900 -0.954300 0.289500
vn 0.707400 -0.704200 -0.060400
vn 0.121900 -0.110300 0.986400
vn -0.227400 -0.282300 -0.932000
vn -0.104800 0.787900 -0.606800
vn 0.129200 0.890800 0.435700
vn -0.030400 -0.431700 -0.901500
vn 0.278400 0.523800 -0.805100
vn 0.157100 0.824000 0.544400
vn -0.141800 -0.305300 0.941600
vn -0.381200 -0.923000 -0.052100
vn 0.154400 -0.261000 0.952900
vn -0.168000 -0.985200 0.033900
vn -0.083600 -0.156500 -0.984100
vn 0.204300 0.880900 -0.426800
vn 0.293200 0.684700 0.667200
vn 0.009000 -0.101900 0.994800
vn 0.117900 -0.993000 0.008100
vn 0.025600 -0.191200 -0.981200
vn 0.090300 0.831300 -0.548400
vn 0.022900 0.886000 0.463200
vn -0.041100 -0.319000 0.946900
vn -0.195400 -0.980700 0.004700
vn -0.054200 -0.371500 -0.926900
vn 0.187400 0.571400 -0.799000
vn 0.262900 0.822300 0.504700
vn 0.299000 -0.558300 -0.773900
vn 0.631600 0.224000 -0.742200
vn -0.268200 -0.882800 0.385600
vn -0.308500 -0.057200 0.949500
vn 0.222100 0.705100 0.673400
vn -0.047000 -0.308900 -0.949900
vn -0.019100 -0.999800 -0.009100
vn -0.064300 -0.206200 0.976400
vn -0.024100 0.901000 -0.433100
vn -0.028400 0.837300 0.546000
vn 0.251800 -0.771500 -0.584300
vn 0.042100 -0.953500 0.298500
vn 0.605800 0.407900 -0.683100
vn 0.273500 0.867000 -0.416600
vn -0.052200 0.646500 0.761100
vn 0.426900 0.746300 0.510800
vn -0.062000 -0.220300 0.973400
vn 0.875100 -0.387500 0.289800
vn -0.003300 -0.992800 0.120100
vn -0.004000 -0.329600 0.944100
vn -0.004400 -1.000000 0.003700
vn -0.000300 -0.330300 0.943900
vn 0.000400 0.658000 -0.753000
vn 0.003000 0.763700 -0.645500
vn 0.002000 0.887700 0.460400
vn 0.003200 0.836200 0.548500
vn -0.003400 -0.494000 -0.869500
vn -0.000900 -0.401300 -0.915900
vn 0.000000 -1.000000 0.003700
vn 0.000000 -0.330300 0.943900
vn 0.001700 0.764200 -0.645000
vn 0.000000 0.835100 0.550100
vn 0.000200 -0.401600 -0.915800
vn 0.000000 -0.215700 0.976500
vn 0.000000 0.905400 0.424600
vn 0.000000 0.764700 -0.644400
vn 0.000000 -0.401700 -0.915800
vn -0.002300 -0.529400 -0.848400
vn -0.000500 -1.000000 0.003300
vn -0.002800 -0.328900 0.944300
vn -0.001000 0.691600 -0.722300
vn -0.002800 0.836400 0.548000
vn 0.000000 -0.400600 -0.916200
vn -0.000400 -1.000000 0.003300
vn -0.002200 -0.482800 0.875700
vn -0.002800 0.765000 -0.644000
vn -0.003500 0.776700 0.629800
usemtl 3D_Object_42Mat
s 1
f 183/159/181 184/160/182 186/161/183
f 184/160/182 185/162/184 186/161/183
f 187/163/185 188/164/186 190/165/187
f 188/164/186 189/166/188 190/165/187
f 194/167/189 191/168/190 193/169/191
f 191/168/190 192/170/192 193/169/191
f 195/171/193 196/172/194 197/173/195
f 191/168/190 198/174/196 192/170/192
f 187/163/185 192/170/192 198/174/196
f 201/175/197 202/176/198 200/177/199
f 200/177/199 202/176/198 204/178/200
f 208/179/201 210/180/202 207/181/203
f 206/182/204 207/181/203 210/180/202
f 213/183/205 214/184/206 212/185/207
f 212/185/207 214/184/206 216/186/208
f 201/175/197 200/177/199 219/187/209
f 218/188/210 219/187/209 200/177/199
f 221/189/211 223/190/212 220/191/213
f 220/191/213 223/190/212 225/192/214
f 226/193/215 227/194/216 231/195/217
f 227/194/216 229/196/218 231/195/217
f 231/195/217 229/196/218 220/191/213
f 229/196/218 221/189/211 220/191/213
f 235/197/219 232/198/220 234/199/221
f 232/198/220 233/200/222 234/199/221
f 236/201/223 237/202/224 239/203/225
f 237/202/224 238/204/226 239/203/225
f 240/205/227 238/204/226 241/206/228
f 238/204/226 233/200/222 241/206/228
f 201/175/197 219/187/209 242/207/229
f 219/187/209 185/162/184 242/207/229
f 242/207/229 185/162/184 243/208/230
f 185/162/184 184/160/182 243/208/230
f 219/187/209 214/184/206 185/162/184
f 185/162/184 214/184/206 186/161/183
f 214/184/206 213/183/205 186/161/183
f 213/183/205 189/166/188 186/161/183
f 183/159/181 186/161/183 188/164/186
f 189/166/188 188/164/186 186/161/183
f 189/166/188 213/183/205 190/165/187
f 213/183/205 208/179/201 190/165/187
f 190/165/187 208/179/201 193/169/191
f 208/179/201 207/181/203 193/169/191
f 193/169/191 192/170/192 190/165/187
f 192/170/192 187/163/185 190/165/187
f 194/167/189 193/169/191 202/176/198
f 193/169/191 207/181/203 202/176/198
f 202/176/198 201/175/197 194/167/189
f 201/175/197 242/207/229 194/167/189
f 194/167/189 242/207/229 191/168/190
f 242/207/229 243/208/230 191/168/190
f 197/173/195 244/209/231 195/171/193
f 195/171/193 244/209/231 245/210/232
f 191/168/190 243/208/230 198/174/196
f 243/208/230 184/160/182 198/174/196
f 184/160/182 183/159/181 198/174/196
f 183/159/181 188/164/186 198/174/196
f 188/164/186 187/163/185 198/174/196
f 202/176/198 207/181/203 204/178/200
f 207/181/203 206/182/204 204/178/200
f 203/211/233 205/212/234 224/213/235
f 205/212/234 247/214/236 224/213/235
f 203/211/233 224/213/235 199/215/237
f 224/213/235 222/216/238 199/215/237
f 208/179/201 213/183/205 210/180/202
f 213/183/205 212/185/207 210/180/202
f 211/217/239 228/218/240 209/219/241
f 228/218/240 247/214/236 209/219/241
f 247/214/236 205/212/234 209/219/241
f 219/187/209 218/188/210 214/184/206
f 214/184/206 218/188/210 216/186/208
f 217/220/242 230/221/243 215/222/244
f 230/221/243 228/218/240 215/222/244
f 199/215/237 222/216/238 217/220/242
f 222/216/238 230/221/243 217/220/242
f 246/223/245 248/224/246 223/190/212
f 223/190/212 248/224/246 225/192/214
f 248/224/246 246/223/245 226/193/215
f 246/223/245 227/194/216 226/193/215
f 235/197/219 234/199/221 250/225/247
f 234/199/221 249/226/248 250/225/247
f 235/197/219 251/227/249 252/227/250
f 250/225/247 249/226/248 236/201/223
f 249/226/248 237/202/224 236/201/223
f 236/201/223 253/228/251 250/225/247
f 253/228/251 254/229/252 250/225/247
f 238/204/226 240/205/227 239/203/225
f 239/203/225 255/230/253 256/231/254
f 233/200/222 232/198/220 241/206/228
f 240/205/227 257/232/255 258/233/256
f 259/234/257 260/235/258 262/236/259
f 260/235/258 261/237/260 262/236/259
f 262/236/259 263/238/261 259/234/257
f 264/239/262 252/227/250 265/240/263
f 250/225/247 254/229/252 235/197/219
f 254/229/252 251/227/249 235/197/219
f 266/241/264 267/242/265 268/236/266
f 266/241/264 268/236/266 270/243/267
f 268/236/266 269/237/268 270/243/267
f 236/201/223 239/203/225 253/228/251
f 239/203/225 256/231/254 253/228/251
f 255/230/253 272/244/269 271/245/270
f 271/245/270 272/244/269 273/246/271
f 258/233/256 257/232/255 274/247/272
f 274/247/272 257/232/255 275/248/273
f 276/249/274 275/248/273 265/240/263
f 257/232/255 265/240/263 275/248/273
f 265/240/263 252/227/250 276/249/274
f 252/227/250 271/245/270 276/249/274
f 271/245/270 273/246/271 276/249/274
f 251/227/249 278/250/275 277/245/276
f 277/245/276 278/250/275 279/251/277
f 251/227/249 254/229/252 278/250/275
f 254/229/252 280/252/278 278/250/275
f 254/229/252 253/228/251 280/252/278
f 253/228/251 281/253/279 280/252/278
f 282/254/280 281/253/279 256/231/254
f 253/228/251 256/231/254 281/253/279
f 282/254/280 256/231/254 279/251/277
f 256/231/254 277/245/276 279/251/277
f 283/246/281 284/244/282 259/234/257
f 284/244/282 260/235/258 259/234/257
f 284/244/282 285/247/283 260/235/258
f 285/247/283 261/237/260 260/235/258
f 262/236/259 261/237/260 286/248/284
f 285/247/283 286/248/284 261/237/260
f 262/236/259 286/248/284 263/238/261
f 286/248/284 287/249/285 263/238/261
f 259/234/257 263/238/261 283/246/281
f 287/249/285 283/246/281 263/238/261
f 288/251/286 289/250/287 266/241/264
f 289/250/287 267/242/265 266/241/264
f 268/236/266 267/242/265 290/252/288
f 289/250/287 290/252/288 267/242/265
f 268/236/266 290/252/288 269/237/268
f 290/252/288 291/253/289 269/237/268
f 292/254/290 270/243/267 291/253/289
f 291/253/289 270/243/267 269/237/268
f 266/241/264 270/243/267 288/251/286
f 292/254/290 288/251/286 270/243/267
f 294/255/291 271/245/270 293/256/292
f 271/245/270 252/227/250 293/256/292
f 252/227/250 251/227/249 293/256/292
f 251/227/249 277/245/276 293/256/292
f 277/245/276 295/257/293 293/256/292
f 296/258/294 295/257/293 256/231/254
f 277/245/276 256/231/254 295/257/293
f 255/230/253 297/259/295 256/231/254
f 256/231/254 297/259/295 296/258/294
f 297/259/295 255/230/253 294/255/291
f 255/230/253 271/245/270 294/255/291
f 195/171/193 298/255/296 196/172/194
f 298/255/296 299/256/297 196/172/194
f 197/173/195 196/172/194 300/257/298
f 299/256/297 300/257/298 196/172/194
f 197/173/195 300/257/298 244/209/231
f 300/257/298 301/258/299 244/209/231
f 301/258/299 302/259/300 244/209/231
f 302/259/300 245/210/232 244/209/231
f 195/171/193 245/210/232 298/255/296
f 302/259/300 298/255/296 245/210/232
f 264/239/262 265/240/263 303/260/301
f 303/260/301 265/240/263 305/261/302
f 265/240/263 257/232/255 305/261/302
f 232/198/220 306/262/303 241/206/228
f 241/206/228 306/262/303 307/263/304
f 309/264/305 240/205/227 307/263/304
f 240/205/227 241/206/228 307/263/304
f 249/226/248 234/199/221 311/265/306
f 234/199/221 310/266/307 311/265/306
f 234/199/221 233/200/222 310/266/307
f 233/200/222 312/267/308 310/266/307
f 249/226/248 311/265/306 237/202/224
f 237/202/224 311/265/306 313/268/309
f 237/202/224 313/268/309 238/204/226
f 238/204/226 313/268/309 314/269/310
f 233/200/222 238/204/226 312/267/308
f 238/204/226 314/269/310 312/267/308
f 303/260/301 315/260/311 306/262/303
f 306/262/303 315/260/311 316/262/312
f 315/260/311 303/260/301 317/270/313
f 303/260/301 304/270/314 317/270/313
f 308/271/315 318/271/316 304/270/314
f 304/270/314 318/271/316 317/270/313
f 307/263/304 306/262/303 319/263/317
f 306/262/303 316/262/312 319/263/317
f 307/263/304 319/263/317 308/271/315
f 308/271/315 319/263/317 318/271/316
f 316/262/312 315/260/311 320/272/318
f 315/260/311 317/270/313 320/272/318
f 317/270/313 318/271/316 320/272/318
f 319/263/317 316/262/312 320/272/318
f 318/271/316 319/263/317 320/272/318
f 305/261/302 257/232/255 309/264/305
f 257/232/255 240/205/227 309/264/305
f 258/233/256 274/247/272 255/230/253
f 255/230/253 274/247/272 272/244/269
f 239/203/225 240/205/227 255/230/253
f 240/205/227 258/233/256 255/230/253
f 272/244/269 284/244/282 273/246/271
f 284/244/282 283/246/281 273/246/271
f 274/247/272 275/248/273 285/247/283
f 286/248/284 285/247/283 275/248/273
f 287/249/285 286/248/284 276/249/274
f 286/248/284 275/248/273 276/249/274
f 287/249/285 276/249/274 283/246/281
f 283/246/281 276/249/274 273/246/271
f 289/250/287 288/251/286 278/250/275
f 288/251/286 279/251/277 278/250/275
f 290/252/288 289/250/287 280/252/278
f 289/250/287 278/250/275 280/252/278
f 291/253/289 290/252/288 281/253/279
f 290/252/288 280/252/278 281/253/279
f 292/254/290 291/253/289 282/254/280
f 291/253/289 281/253/279 282/254/280
f 288/251/286 292/254/290 279/251/277
f 292/254/290 282/254/280 279/251/277
f 299/256/297 298/255/296 293/256/292
f 298/255/296 294/255/291 293/256/292
f 299/256/297 293/256/292 300/257/298
f 300/257/298 293/256/292 295/257/293
f 296/258/294 301/258/299 295/257/293
f 301/258/299 300/257/298 295/257/293
f 301/258/299 296/258/294 302/259/300
f 302/259/300 296/258/294 297/259/295
f 297/259/295 294/255/291 302/259/300
f 298/255/296 302/259/300 294/255/291
f 284/244/282 272/244/269 285/247/283
f 285/247/283 272/244/269 274/247/272
f 235/197/219 264/239/262 232/198/220
f 306/262/303 232/198/220 303/260/301
f 232/198/220 264/239/262 303/260/301
f 235/197/219 252/227/250 264/239/262
f 321/273/319 322/274/320 324/275/321
f 322/274/320 323/276/322 324/275/321
f 326/277/323 327/278/324 325/279/325
f 325/279/325 327/278/324 328/280/326
f 322/274/320 325/279/325 323/276/322
f 325/279/325 328/280/326 323/276/322
f 321/273/319 324/275/321 329/281/327
f 329/281/327 324/275/321 330/282/328
f 329/281/327 330/282/328 326/277/323
f 326/277/323 330/282/328 327/278/324
f 324/275/321 323/276/322 332/283/329
f 323/276/322 331/284/330 332/283/329
f 327/278/324 333/285/331 328/280/326
f 328/280/326 333/285/331 334/286/332
f 323/276/322 328/280/326 331/284/330
f 328/280/326 334/286/332 331/284/330
f 324/275/321 332/283/329 330/282/328
f 330/282/328 332/283/329 335/287/333
f 330/282/328 335/287/333 327/278/324
f 327/278/324 335/287/333 333/285/331
f 215/222/244 228/218/240 211/217/239
f 220/191/213 225/192/214 337/288/334
f 225/192/214 336/289/329 337/288/334
f 332/283/329 331/284/330 336/289/329
f 331/284/330 337/288/334 336/289/329
f 231/195/217 338/290/335 226/193/215
f 226/193/215 338/290/335 339/291/336
f 333/285/331 339/291/336 334/286/332
f 334/286/332 339/291/336 338/290/335
f 220/191/213 337/288/334 231/195/217
f 231/195/217 337/288/334 338/290/335
f 331/284/330 334/286/332 337/288/334
f 334/286/332 338/290/335 337/288/334
f 248/224/246 340/292/337 225/192/214
f 225/192/214 340/292/337 336/289/329
f 332/283/329 336/289/329 335/287/333
f 335/287/333 336/289/329 340/292/337
f 226/193/215 339/291/336 248/224/246
f 248/224/246 339/291/336 340/292/337
f 335/287/333 340/292/337 333/285/331
f 333/285/331 340/292/337 339/291/336
f 341/293/338 342/294/339 329/281/327
f 321/273/319 329/281/327 342/294/339
f 342/294/339 343/295/340 321/273/319
f 322/274/320 321/273/319 343/295/340
f 341/293/338 329/281/327 344/296/341
f 329/281/327 326/277/323 344/296/341
f 345/297/342 344/296/341 325/279/325
f 326/277/323 325/279/325 344/296/341
f 343/295/340 345/297/342 322/274/320
f 325/279/325 322/274/320 345/297/342
f 311/265/306 310/266/307 347/298/343
f 310/266/307 346/299/344 347/298/343
f 347/298/343 346/299/344 341/293/338
f 342/294/339 341/293/338 346/299/344
f 310/266/307 312/267/308 346/299/344
f 312/267/308 348/300/345 346/299/344
f 346/299/344 348/300/345 342/294/339
f 343/295/340 342/294/339 348/300/345
f 313/268/309 311/265/306 349/301/346
f 311/265/306 347/298/343 349/301/346
f 349/301/346 347/298/343 344/296/341
f 341/293/338 344/296/341 347/298/343
f 314/269/310 313/268/309 350/302/347
f 313/268/309 349/301/346 350/302/347
f 350/302/347 349/301/346 345/297/342
f 344/296/341 345/297/342 349/301/346
f 314/269/310 350/302/347 312/267/308
f 312/267/308 350/302/347 348/300/345
f 348/300/345 350/302/347 343/295/340
f 345/297/342 343/295/340 350/302/347
o 3D_Object_52
v -0.000715 0.003095 0.000340
v -0.000801 0.002472 0.000423
v -0.000801 0.002472 0.000423
v -0.000416 0.002471 0.000546
v -0.000416 0.002471 0.000546
v -0.000415 0.003095 0.000429
v -0.000415 0.003248 0.000075
v -0.000145 0.000074 0.000019
v -0.000145 0.000074 0.000019
v -0.000687 0.000074 0.000019
v -0.000687 0.000074 0.000019
v -0.000416 0.000074 -0.000153
v -0.000416 0.000074 -0.000153
v -0.000098 0.003095 0.000340
v -0.000044 0.002472 0.000423
v -0.000044 0.002472 0.000423
v 0.000021 0.002472 -0.000109
v 0.000021 0.002472 -0.000109
v -0.000047 0.003095 -0.000057
v -0.000815 0.002353 -0.000072
v -0.000815 0.002353 -0.000072
v -0.000866 0.002472 -0.000109
v -0.000866 0.002472 -0.000109
v -0.000416 0.002471 -0.000396
v -0.000416 0.002471 -0.000396
v -0.000416 0.002353 -0.000322
v -0.000416 0.002353 -0.000322
v -0.000097 0.002353 0.000354
v -0.000097 0.002353 0.000354
v -0.000416 0.002353 0.000472
v -0.000416 0.002353 0.000472
v -0.000751 0.002353 0.000354
v -0.000751 0.002353 0.000354
v -0.000569 0.002176 0.000012
v -0.000569 0.002472 0.000012
v -0.000569 0.002472 0.000012
v -0.000416 0.002472 -0.000095
v -0.000416 0.002472 -0.000095
v -0.000416 0.002176 -0.000093
v -0.000275 0.002176 0.000092
v -0.000275 0.002472 0.000091
v -0.000275 0.002472 0.000091
v -0.000385 0.002472 0.000246
v -0.000385 0.002472 0.000246
v -0.000385 0.002176 0.000244
v -0.000547 0.002176 0.000171
v -0.000546 0.002472 0.000170
v -0.000546 0.002472 0.000170
v -0.000746 0.000523 -0.000062
v -0.000575 0.000810 0.000015
v -0.000575 0.000810 0.000015
v -0.000416 0.000808 -0.000093
v -0.000416 0.000808 -0.000093
v -0.000416 0.000498 -0.000317
v -0.000168 0.000543 0.000538
v -0.000270 0.000810 0.000096
v -0.000270 0.000810 0.000096
v -0.000385 0.000808 0.000251
v -0.000385 0.000808 0.000251
v -0.000416 0.000587 0.000580
v -0.000666 0.000543 0.000538
v -0.000551 0.000811 0.000176
v -0.000551 0.000811 0.000176
v -0.000728 0.000198 -0.000095
v -0.000416 0.000198 -0.000187
v -0.000105 0.000198 -0.000095
v -0.000087 0.000523 -0.000062
v -0.000001 0.000198 0.000149
v -0.000111 0.000709 0.001455
v -0.000416 0.000844 0.001474
v -0.000416 0.000516 0.001593
v -0.000769 0.000351 0.000484
v -0.000831 0.000198 0.000149
v -0.000051 0.000135 0.000795
v -0.000051 0.000135 0.000795
v -0.000781 0.000135 0.000795
v -0.000781 0.000135 0.000795
v -0.000715 0.000196 0.000463
v -0.000715 0.000196 0.000463
v -0.000118 0.000196 0.000463
v -0.000118 0.000196 0.000463
v -0.000068 0.000351 0.000484
v -0.000415 0.003095 -0.000278
v -0.000769 0.003095 -0.000057
v -0.000112 0.000074 0.000437
v -0.000112 0.000074 0.000437
v -0.000036 0.002353 -0.000072
v -0.000036 0.002353 -0.000072
v -0.000275 0.001671 0.000092
v -0.000275 0.001534 0.000092
v -0.000275 0.001534 0.000092
v -0.000416 0.001534 -0.000093
v -0.000416 0.001534 -0.000093
v -0.000416 0.001671 -0.000093
v -0.000569 0.001534 0.000012
v -0.000569 0.001534 0.000012
v -0.000569 0.001671 0.000012
v -0.000547 0.001671 0.000171
v -0.000547 0.001534 0.000171
v -0.000547 0.001534 0.000171
v -0.000385 0.001534 0.000244
v -0.000385 0.001534 0.000244
v -0.000385 0.001671 0.000244
v -0.000275 0.000927 0.000092
v -0.000416 0.000927 -0.000093
v -0.000569 0.000927 0.000012
v -0.000547 0.000927 0.000171
v -0.000385 0.000927 0.000244
v -0.000721 0.000709 0.001455
v -0.000680 0.000176 0.001395
v -0.000680 0.000176 0.001395
v -0.000153 0.000176 0.001395
v -0.000153 0.000176 0.001395
v -0.000721 0.000074 0.000433
v -0.000721 0.000074 0.000433
v -0.000799 0.000805 0.001066
v -0.000416 0.000933 0.001055
v -0.000824 0.000065 0.001161
v -0.000824 0.000065 0.001161
v -0.000917 0.000394 0.001150
v -0.000008 0.000065 0.001161
v -0.000008 0.000065 0.001161
v 0.000085 0.000394 0.001150
v -0.000416 0.000284 0.001509
v -0.000416 0.000284 0.001509
v -0.000416 0.001251 -0.000093
v -0.000416 0.001251 -0.000093
v -0.000569 0.001251 0.000012
v -0.000569 0.001251 0.000012
v -0.000385 0.001251 0.000244
v -0.000385 0.001251 0.000244
v -0.000275 0.001251 0.000092
v -0.000275 0.001251 0.000092
v -0.000547 0.001251 0.000171
v -0.000547 0.001251 0.000171
v -0.000027 0.000807 0.001019
v -0.000416 0.001825 -0.000093
v -0.000275 0.001825 0.000092
v -0.000569 0.001825 0.000012
v -0.000385 0.001825 0.000244
v -0.000547 0.001825 0.000171
v -0.000275 0.001992 0.000092
v -0.000416 0.001992 -0.000093
v -0.000569 0.001992 0.000012
v -0.000547 0.001992 0.000171
v -0.000385 0.001992 0.000244
v -0.000416 0.001089 -0.000093
v -0.000569 0.001089 0.000012
v -0.000385 0.001089 0.000244
v -0.000275 0.001089 0.000092
v -0.000547 0.001089 0.000171
v 0.001660 0.003095 0.000340
v 0.001586 0.002472 0.000423
v 0.001958 0.002471 0.000546
v 0.001959 0.003095 0.000429
v 0.001959 0.003248 0.000075
v 0.002265 0.003095 0.000340
v 0.002343 0.002472 0.000423
v 0.002408 0.002472 -0.000109
v 0.002316 0.003095 -0.000057
v 0.001578 0.002353 -0.000072
v 0.001578 0.002353 -0.000072
v 0.001521 0.002472 -0.000109
v 0.001958 0.002471 -0.000396
v 0.001958 0.002353 -0.000322
v 0.001958 0.002353 -0.000322
v 0.002293 0.002353 0.000354
v 0.002293 0.002353 0.000354
v 0.001958 0.002353 0.000472
v 0.001958 0.002353 0.000472
v 0.001639 0.002353 0.000354
v 0.001639 0.002353 0.000354
v 0.001815 0.002176 0.000092
v 0.001815 0.002472 0.000091
v 0.001815 0.002472 0.000091
v 0.001958 0.002472 -0.000095
v 0.001958 0.002472 -0.000095
v 0.001958 0.002176 -0.000093
v 0.002090 0.002176 0.000171
v 0.002089 0.002472 0.000170
v 0.002089 0.002472 0.000170
v 0.001927 0.002472 0.000246
v 0.001927 0.002472 0.000246
v 0.001927 0.002176 0.000244
v 0.001629 0.000523 -0.000062
v 0.001810 0.000810 0.000096
v 0.001810 0.000810 0.000096
v 0.001958 0.000808 -0.000093
v 0.001958 0.000808 -0.000093
v 0.001958 0.000498 -0.000317
v 0.002208 0.000543 0.000538
v 0.002095 0.000811 0.000176
v 0.002095 0.000811 0.000176
v 0.001927 0.000808 0.000251
v 0.001927 0.000808 0.000251
v 0.001958 0.000587 0.000580
v 0.001710 0.000543 0.000538
v 0.001647 0.000198 -0.000095
v 0.001958 0.000198 -0.000187
v 0.002270 0.000198 -0.000095
v 0.002288 0.000523 -0.000062
v 0.002373 0.000198 0.000149
v 0.002263 0.000709 0.001455
v 0.001958 0.000844 0.001474
v 0.001958 0.000516 0.001593
v 0.001610 0.000351 0.000484
v 0.001543 0.000198 0.000149
v 0.002323 0.000135 0.000795
v 0.002323 0.000135 0.000795
v 0.001593 0.000135 0.000795
v 0.001593 0.000135 0.000795
v 0.001660 0.000196 0.000463
v 0.001660 0.000196 0.000463
v 0.002257 0.000196 0.000463
v 0.002257 0.000196 0.000463
v 0.002311 0.000351 0.000484
v 0.001959 0.003095 -0.000278
v 0.001606 0.003095 -0.000057
v 0.002262 0.000074 0.000437
v 0.002262 0.000074 0.000437
v 0.002229 0.000074 0.000019
v 0.002229 0.000074 0.000019
v 0.002357 0.002353 -0.000072
v 0.002357 0.002353 -0.000072
v 0.002113 0.002472 0.000012
v 0.002113 0.002472 0.000012
v 0.002113 0.002176 0.000012
v 0.002113 0.001671 0.000012
v 0.002113 0.001534 0.000012
v 0.002113 0.001534 0.000012
v 0.001958 0.001534 -0.000093
v 0.001958 0.001534 -0.000093
v 0.001958 0.001671 -0.000093
v 0.001815 0.001534 0.000092
v 0.001815 0.001534 0.000092
v 0.001815 0.001671 0.000092
v 0.002090 0.001671 0.000171
v 0.002090 0.001534 0.000171
v 0.002090 0.001534 0.000171
v 0.001927 0.001534 0.000244
v 0.001927 0.001534 0.000244
v 0.001927 0.001671 0.000244
v 0.002113 0.000927 0.000012
v 0.002118 0.000810 0.000015
v 0.002118 0.000810 0.000015
v 0.001958 0.000927 -0.000093
v 0.001815 0.000927 0.000092
v 0.002090 0.000927 0.000171
v 0.001927 0.000927 0.000244
v 0.001958 0.000074 -0.000153
v 0.001958 0.000074 -0.000153
v 0.001687 0.000074 0.000019
v 0.001687 0.000074 0.000019
v 0.001653 0.000709 0.001455
v 0.001695 0.000176 0.001395
v 0.001695 0.000176 0.001395
v 0.002222 0.000176 0.001395
v 0.002222 0.000176 0.001395
v 0.001654 0.000074 0.000433
v 0.001654 0.000074 0.000433
v 0.001575 0.000805 0.001066
v 0.001958 0.000933 0.001055
v 0.001550 0.000065 0.001161
v 0.001550 0.000065 0.001161
v 0.001457 0.000394 0.001150
v 0.002366 0.000065 0.001161
v 0.002366 0.000065 0.001161
v 0.002459 0.000394 0.001150
v 0.001958 0.000284 0.001509
v 0.001958 0.000284 0.001509
v 0.001958 0.001251 -0.000093
v 0.001958 0.001251 -0.000093
v 0.001815 0.001251 0.000092
v 0.001815 0.001251 0.000092
v 0.001927 0.001251 0.000244
v 0.001927 0.001251 0.000244
v 0.002090 0.001251 0.000171
v 0.002090 0.001251 0.000171
v 0.002113 0.001251 0.000012
v 0.002113 0.001251 0.000012
v 0.002347 0.000807 0.001019
v 0.001958 0.001825 -0.000093
v 0.002113 0.001825 0.000012
v 0.001815 0.001825 0.000092
v 0.002090 0.001825 0.000171
v 0.001927 0.001825 0.000244
v 0.002113 0.001992 0.000012
v 0.001958 0.001992 -0.000093
v 0.001815 0.001992 0.000092
v 0.002090 0.001992 0.000171
v 0.001927 0.001992 0.000244
v 0.001958 0.001089 -0.000093
v 0.001815 0.001089 0.000092
v 0.001927 0.001089 0.000244
v 0.002090 0.001089 0.000171
v 0.002113 0.001089 0.000012
v 0.003084 0.007655 0.001234
v 0.002856 0.007273 0.001239
v 0.002856 0.007273 0.001239
v 0.003281 0.007074 0.001292
v 0.003281 0.007074 0.001292
v 0.003469 0.005359 -0.000930
v 0.003469 0.005359 -0.000930
v 0.003596 0.005842 -0.001084
v 0.003596 0.005842 -0.001084
v 0.003395 0.005189 0.000066
v 0.003395 0.005189 0.000066
v 0.003616 0.006003 0.001163
v 0.003616 0.006003 0.001163
v 0.003446 0.005466 0.001120
v 0.003446 0.005466 0.001120
v 0.003248 0.003870 -0.000911
v 0.003248 0.003870 -0.000911
v 0.003248 0.003870 -0.000911
v 0.003248 0.003870 -0.000911
v 0.003248 0.004352 -0.000911
v 0.003248 0.004352 -0.000911
v 0.003248 0.004352 -0.000911
v 0.003228 0.004412 -0.000450
v 0.003228 0.004412 -0.000450
v 0.001287 0.006315 0.001529
v 0.001352 0.005979 0.001762
v 0.001352 0.005979 0.001762
v 0.001865 0.006067 0.001488
v 0.001865 0.006067 0.001488
v 0.001891 0.006415 0.001303
v 0.001150 0.007130 0.002523
v 0.001047 0.007390 0.002433
v 0.000994 0.007229 0.002658
v 0.001008 0.007113 0.001184
v 0.000771 0.007739 0.001115
v 0.000771 0.007138 0.001303
v 0.003542 0.006308 -0.001068
v 0.003542 0.006308 -0.001068
v 0.003598 0.006651 -0.000085
v 0.000771 0.003870 -0.000911
v 0.000771 0.003870 -0.000911
v 0.000771 0.004335 -0.000922
v 0.000771 0.004335 -0.000922
v 0.001730 0.004317 -0.000911
v 0.001730 0.004317 -0.000911
v 0.000771 0.006578 0.001898
v 0.000771 0.006490 0.001561
v 0.000771 0.006490 0.001561
v 0.001077 0.006603 0.001440
v 0.001077 0.006603 0.001440
v 0.000977 0.006672 0.001924
v 0.001120 0.006841 0.001846
v 0.002652 0.006229 0.001171
v 0.002652 0.006229 0.001171
v 0.002532 0.006428 0.001125
v 0.002532 0.006428 0.001125
v 0.002532 0.006428 0.001125
v 0.002532 0.006428 0.001125
v 0.002532 0.006428 0.001125
v 0.002345 0.006149 0.001243
v 0.002488 0.005865 0.001238
v 0.002488 0.005865 0.001238
v 0.003069 0.006290 0.001306
v 0.003069 0.006290 0.001306
v 0.003533 0.006006 0.001260
v 0.003533 0.006006 0.001260
v 0.003535 0.006444 0.001152
v 0.003535 0.006444 0.001152
v 0.001343 0.005952 0.001364
v 0.001343 0.005952 0.001364
v 0.000771 0.005930 0.001368
v 0.000771 0.005930 0.001368
v 0.000771 0.005791 0.001505
v 0.001375 0.005825 0.001486
v 0.003105 0.006758 0.001461
v 0.003025 0.007116 0.001408
v 0.003362 0.006590 0.001298
v 0.003362 0.006590 0.001298
v 0.002302 0.006524 0.001189
v 0.002302 0.006524 0.001189
v 0.002567 0.006498 0.001181
v 0.002567 0.006498 0.001181
v 0.002570 0.006513 0.001407
v 0.002570 0.006513 0.001407
v 0.001350 0.005943 0.001470
v 0.001350 0.005943 0.001470
v 0.001350 0.005943 0.001470
v 0.001884 0.006045 0.001403
v 0.001884 0.006045 0.001403
v 0.001359 0.005951 0.001551
v 0.001359 0.005951 0.001551
v 0.001359 0.005951 0.001551
v 0.001359 0.005951 0.001551
v 0.002775 0.007772 0.001061
v 0.002775 0.007772 0.001061
v 0.003042 0.008336 0.001200
v 0.001856 0.008736 0.000997
v 0.001856 0.008736 0.000997
v 0.001900 0.008837 0.001157
v 0.001380 0.008763 0.001143
v 0.001191 0.008500 0.001018
v 0.001191 0.008500 0.001018
v 0.000771 0.008454 0.001150
v 0.001217 0.007196 0.001073
v 0.001217 0.007196 0.001073
v 0.001126 0.006867 0.001329
v 0.001645 0.006717 0.001259
v 0.001898 0.006987 0.001074
v 0.001898 0.006987 0.001074
v 0.002222 0.006936 0.001274
v 0.002222 0.006936 0.001274
v 0.002495 0.007180 0.001199
v 0.002495 0.007180 0.001199
v 0.002528 0.007160 0.001050
v 0.002528 0.007160 0.001050
v 0.000910 0.007841 0.001068
v 0.000910 0.007841 0.001068
v 0.002638 0.004284 0.001229
v 0.002638 0.004284 0.001229
v 0.003248 0.003870 0.001229
v 0.003248 0.003870 0.001229
v 0.003248 0.003870 0.001229
v 0.003248 0.003870 0.001229
v 0.003248 0.004322 0.001229
v 0.003248 0.004322 0.001229
v 0.003248 0.004322 0.001229
v 0.000771 0.004260 0.001290
v 0.000771 0.004092 0.001283
v 0.000771 0.004092 0.001283
v 0.000880 0.004109 0.001262
v 0.000880 0.004109 0.001262
v 0.001020 0.004299 0.001229
v 0.001020 0.004299 0.001229
v 0.001020 0.004299 0.001229
v 0.001020 0.004299 0.001229
v 0.001020 0.004299 0.001229
v 0.001020 0.004299 0.001229
v 0.000913 0.004105 0.001229
v 0.000913 0.004105 0.001229
v 0.000913 0.004105 0.001229
v 0.001392 0.003870 0.001229
v 0.001392 0.003870 0.001229
v 0.001392 0.003870 0.001229
v 0.001392 0.003870 0.001229
v 0.001395 0.003950 0.001305
v 0.001395 0.003950 0.001305
v 0.001395 0.003950 0.001305
v 0.002076 0.004335 0.001229
v 0.002076 0.004335 0.001229
v 0.002076 0.004335 0.001229
v 0.002076 0.004335 0.001229
v 0.003772 0.008252 0.001217
v 0.003772 0.008252 0.001217
v 0.003730 0.008888 0.001097
v 0.003730 0.008888 0.001097
v 0.003730 0.008888 0.001097
v 0.000771 0.006285 0.001641
v 0.000771 0.005960 0.001888
v 0.000771 0.005960 0.001888
v 0.003699 0.007162 0.001250
v 0.003699 0.007162 0.001250
v 0.003625 0.007600 0.001145
v 0.003625 0.007600 0.001145
v 0.002736 0.009698 -0.000417
v 0.003401 0.009532 -0.001705
v 0.003401 0.009532 -0.001705
v 0.002683 0.009620 -0.001803
v 0.002683 0.009620 -0.001803
v 0.000771 0.008148 -0.001567
v 0.001584 0.009570 -0.001922
v 0.001584 0.009570 -0.001922
v 0.002381 0.008224 -0.001555
v 0.002170 0.009458 -0.001790
v 0.002170 0.009458 -0.001790
v 0.002698 0.009515 -0.001871
v 0.002698 0.009515 -0.001871
v 0.003466 0.006298 -0.001120
v 0.003466 0.006298 -0.001120
v 0.003500 0.005837 -0.001167
v 0.003500 0.005837 -0.001167
v 0.002312 0.006557 -0.001277
v 0.003406 0.004402 0.000152
v 0.003406 0.004402 0.000152
v 0.003354 0.004502 -0.000462
v 0.003354 0.004502 -0.000462
v 0.003333 0.004823 -0.000892
v 0.003333 0.004823 -0.000892
v 0.003386 0.004505 -0.000885
v 0.003386 0.004505 -0.000885
v 0.004075 0.009641 -0.000414
v 0.004075 0.009641 -0.000414
v 0.003985 0.009757 -0.000442
v 0.003985 0.009757 -0.000442
v 0.003884 0.009733 0.000307
v 0.003884 0.009733 0.000307
v 0.003939 0.009660 0.000310
v 0.003939 0.009660 0.000310
v 0.003354 0.004505 0.000755
v 0.003354 0.004505 0.000755
v 0.002406 0.006839 0.001455
v 0.002720 0.006972 0.001534
v 0.002551 0.007172 0.001396
v 0.000771 0.007423 0.002641
v 0.000771 0.007120 0.002758
v 0.000771 0.006799 0.002600
v 0.001052 0.006877 0.002573
v 0.002994 0.009247 0.001246
v 0.002994 0.009247 0.001246
v 0.003265 0.009844 0.001184
v 0.003265 0.009844 0.001184
v 0.003265 0.009844 0.001184
v 0.002726 0.009947 0.001263
v 0.002726 0.009947 0.001263
v 0.002109 0.009860 0.001191
v 0.002109 0.009860 0.001191
v 0.002270 0.009428 0.001245
v 0.001926 0.009024 0.001295
v 0.002706 0.008799 0.001259
v 0.001490 0.009978 0.001325
v 0.001490 0.009978 0.001325
v 0.000771 0.009871 0.001249
v 0.000771 0.009871 0.001249
v 0.000771 0.009182 0.001230
v 0.001439 0.009412 0.001246
v 0.001070 0.008865 0.001208
v 0.000771 0.007075 0.001428
v 0.000771 0.009783 -0.000377
v 0.000771 0.009946 0.001175
v 0.000771 0.009946 0.001175
v 0.001461 0.010051 0.001224
v 0.001461 0.010051 0.001224
v 0.003737 0.008539 -0.001529
v 0.003737 0.008539 -0.001529
v 0.003392 0.009434 -0.001753
v 0.003392 0.009434 -0.001753
v 0.003880 0.009175 -0.001710
v 0.003880 0.009175 -0.001710
v 0.003732 0.008150 -0.001489
v 0.003732 0.008150 -0.001489
v 0.003532 0.007516 -0.001285
v 0.003532 0.007516 -0.001285
v 0.003596 0.006971 -0.001372
v 0.003596 0.006971 -0.001372
v 0.002175 0.004881 -0.001005
v 0.000771 0.004877 -0.000993
v 0.000771 0.006563 -0.001279
v 0.003996 0.009453 -0.001585
v 0.003996 0.009453 -0.001585
v 0.003900 0.009546 -0.001664
v 0.003900 0.009546 -0.001664
v 0.003874 0.009547 -0.000984
v 0.003874 0.009547 -0.000984
v 0.003947 0.009462 -0.000978
v 0.003947 0.009462 -0.000978
v 0.003805 0.007161 0.001152
v 0.003805 0.007161 0.001152
v 0.003578 0.006440 0.001071
v 0.003578 0.006440 0.001071
v 0.000771 0.007102 0.001789
v 0.000977 0.007043 0.001803
v 0.000771 0.007502 0.002413
v 0.002222 0.006737 0.001265
v 0.002222 0.006737 0.001265
v 0.000771 0.005223 0.001304
v 0.000771 0.005223 0.001304
v 0.001299 0.005155 0.001318
v 0.001299 0.005155 0.001318
v 0.001857 0.005341 0.001282
v 0.001857 0.005341 0.001282
v 0.001857 0.005341 0.001282
v 0.001955 0.005933 0.001404
v 0.002208 0.006211 0.001267
v 0.002208 0.006211 0.001267
v 0.002238 0.006194 0.001230
v 0.002238 0.006194 0.001230
v 0.001853 0.006042 0.001373
v 0.001853 0.006042 0.001373
v 0.003393 0.005457 0.001184
v 0.003393 0.005457 0.001184
v 0.003393 0.005457 0.001184
v 0.002994 0.005810 0.001272
v 0.002994 0.005810 0.001272
v 0.002748 0.004924 0.001255
v 0.002748 0.004924 0.001255
v 0.003397 0.004963 0.001286
v 0.003397 0.004963 0.001286
v 0.002793 0.006633 0.001523
v 0.002744 0.006363 0.001374
v 0.002744 0.006363 0.001374
v 0.000905 0.005454 0.001605
v 0.000905 0.005454 0.001605
v 0.000905 0.005454 0.001605
v 0.001422 0.005518 0.001517
v 0.001422 0.005518 0.001517
v 0.001422 0.005518 0.001517
v 0.001432 0.005535 0.001603
v 0.001432 0.005535 0.001603
v 0.001432 0.005535 0.001603
v 0.000906 0.005481 0.001676
v 0.000906 0.005481 0.001676
v 0.000906 0.005481 0.001676
v 0.002622 0.008638 0.001164
v 0.002515 0.008469 0.000990
v 0.002515 0.008469 0.000990
v 0.001873 0.007818 0.000832
v 0.002268 0.006195 0.001211
v 0.002268 0.006195 0.001211
v 0.003859 0.009459 0.001232
v 0.003859 0.009459 0.001232
v 0.003859 0.009459 0.001232
v 0.003485 0.004948 0.001185
v 0.003485 0.004948 0.001185
v 0.003485 0.004948 0.001185
v 0.003457 0.005019 -0.000988
v 0.003457 0.005019 -0.000988
v 0.003457 0.005019 -0.000988
v 0.003383 0.005375 -0.001000
v 0.003383 0.005375 -0.001000
v 0.003341 0.005018 -0.001086
v 0.003341 0.005018 -0.001086
v 0.002665 0.004463 -0.001028
v 0.002665 0.004463 -0.001028
v 0.001730 0.004396 -0.001007
v 0.001730 0.004396 -0.001007
v 0.000771 0.004422 -0.000988
v 0.000771 0.004422 -0.000988
v 0.000870 0.005936 0.001544
v 0.000870 0.005936 0.001544
v 0.000870 0.005936 0.001544
v 0.000871 0.005941 0.001624
v 0.000871 0.005941 0.001624
v 0.000871 0.005941 0.001624
v 0.000871 0.005941 0.001624
v 0.001326 0.004779 0.001313
v 0.002002 0.004841 0.001281
v 0.002002 0.004841 0.001281
v 0.001319 0.005078 0.001320
v 0.001319 0.005078 0.001320
v 0.000771 0.005136 0.001308
v 0.000771 0.005136 0.001308
v 0.000771 0.004784 0.001298
v 0.003293 0.004434 0.001273
v 0.003293 0.004434 0.001273
v 0.003297 0.004730 0.001203
v 0.003297 0.004730 0.001203
v 0.003297 0.004730 0.001203
v 0.002640 0.004370 0.001274
v 0.002640 0.004370 0.001274
v 0.002640 0.004370 0.001274
v 0.002080 0.004420 0.001297
v 0.002080 0.004420 0.001297
v 0.002080 0.004420 0.001297
v 0.003341 0.004734 0.001149
v 0.003341 0.004734 0.001149
v 0.003355 0.004437 0.001174
v 0.003355 0.004437 0.001174
v 0.000771 0.004335 0.001242
v 0.000771 0.004335 0.001242
v 0.001372 0.004369 0.001294
v 0.001372 0.004369 0.001294
v 0.000771 0.004398 0.001305
v 0.000771 0.004398 0.001305
v 0.003230 0.004793 -0.000995
v 0.003230 0.004793 -0.000995
v 0.002665 0.004376 -0.000911
v 0.002665 0.004376 -0.000911
v 0.002297 0.005954 0.000037
v 0.001747 0.006085 -0.000079
v 0.001588 0.005664 -0.000132
v 0.001588 0.005664 -0.000132
v 0.001588 0.005664 -0.000132
v 0.001213 0.005778 -0.000324
v 0.001213 0.005778 -0.000324
v 0.001352 0.005938 -0.000230
v 0.001352 0.005938 -0.000230
v 0.000771 0.006059 -0.000130
v 0.000771 0.006059 -0.000130
v 0.000771 0.005752 -0.000338
v 0.000771 0.005752 -0.000338
v 0.000885 0.004094 0.001264
v 0.000885 0.004094 0.001264
v 0.000958 0.003865 0.001286
v 0.000958 0.003865 0.001286
v 0.000989 0.003865 0.001251
v 0.000989 0.003865 0.001251
v 0.000771 0.004073 0.001283
v 0.000771 0.004073 0.001283
v 0.000771 0.003043 0.001304
v 0.000771 0.003043 0.001304
v 0.001136 0.003350 0.001280
v 0.001136 0.003350 0.001280
v 0.001095 0.003350 0.001311
v 0.001095 0.003350 0.001311
v 0.000771 0.003076 0.001328
v 0.000771 0.003076 0.001328
v 0.003712 0.007611 0.001035
v 0.003712 0.007611 0.001035
v 0.003890 0.008255 0.001129
v 0.003890 0.008255 0.001129
v 0.003822 0.008913 0.001021
v 0.003822 0.008913 0.001021
v 0.003873 0.009916 0.001064
v 0.003873 0.009916 0.001064
v 0.003836 0.009803 0.001226
v 0.003836 0.009803 0.001226
v 0.003973 0.009714 0.001153
v 0.003973 0.009714 0.001153
v 0.003998 0.009815 0.001056
v 0.003998 0.009815 0.001056
v 0.003265 0.009906 0.001082
v 0.003265 0.009906 0.001082
v 0.002719 0.010035 0.001162
v 0.002719 0.010035 0.001162
v 0.002096 0.009929 0.001107
v 0.002096 0.009929 0.001107
v 0.003228 0.004412 0.000768
v 0.003228 0.004412 0.000768
v 0.003248 0.004316 0.000159
v 0.003248 0.004316 0.000159
v 0.003292 0.004459 -0.000991
v 0.003292 0.004459 -0.000991
v 0.003696 0.006964 -0.001273
v 0.003696 0.006964 -0.001273
v 0.003642 0.007524 -0.001218
v 0.003642 0.007524 -0.001218
v 0.003820 0.008129 -0.001398
v 0.003820 0.008129 -0.001398
v 0.003823 0.008548 -0.001433
v 0.003823 0.008548 -0.001433
v 0.003910 0.009435 -0.001752
v 0.003910 0.009435 -0.001752
v 0.003984 0.009312 -0.001662
v 0.003984 0.009312 -0.001662
v 0.002171 0.009557 -0.001727
v 0.002171 0.009557 -0.001727
v 0.001556 0.009672 -0.001820
v 0.001556 0.009672 -0.001820
v 0.003738 0.008213 -0.000218
v 0.001747 0.006116 0.000613
v 0.001911 0.005829 0.000769
v 0.001911 0.005829 0.000769
v 0.002293 0.005941 0.000721
v 0.002293 0.005941 0.000721
v 0.002293 0.005941 0.000721
v 0.002543 0.005994 0.000612
v 0.002055 0.005842 0.000612
v 0.001421 0.005697 0.001074
v 0.001421 0.005697 0.001074
v 0.001368 0.005636 0.000344
v 0.001368 0.005636 0.000344
v 0.000771 0.006143 0.000613
v 0.000771 0.005640 0.001081
v 0.000771 0.005640 0.001081
v 0.000771 0.005625 0.000541
v 0.000771 0.005625 0.000541
v 0.000771 0.005748 0.000907
v 0.001165 0.005766 0.000870
v 0.001182 0.005811 0.000876
v 0.000771 0.005795 0.000946
v 0.001106 0.005865 -0.000045
v 0.000771 0.005823 0.000005
v 0.000771 0.005874 0.000197
v 0.001056 0.005902 0.000186
v 0.001517 0.005791 0.000408
v 0.001579 0.005744 0.000127
v 0.001549 0.005804 -0.000014
v 0.001469 0.005868 0.000331
v 0.001286 0.005722 0.000684
v 0.000771 0.005717 0.000764
v 0.000771 0.005680 0.000645
v 0.001025 0.005910 0.000429
v 0.000771 0.005883 0.000418
v 0.000771 0.005885 0.000689
v 0.001086 0.005894 0.000679
v 0.001342 0.005877 0.000646
v 0.001386 0.005806 0.000673
v 0.001156 0.005868 0.000802
v 0.000771 0.005864 0.000839
v 0.000771 0.003870 0.001229
v 0.000771 0.003870 0.001229
v 0.000771 0.004060 0.001229
v 0.000771 0.004060 0.001229
v 0.000553 0.003865 0.001251
v 0.000553 0.003865 0.001251
v 0.000629 0.004105 0.001229
v 0.000629 0.004105 0.001229
v 0.000629 0.004105 0.001229
v 0.000406 0.003350 0.001280
v 0.000406 0.003350 0.001280
v 0.000771 0.005640 0.001181
v 0.000771 0.005640 0.001181
v 0.001439 0.005697 0.001164
v 0.001439 0.005697 0.001164
v 0.001948 0.005829 0.000932
v 0.001948 0.005829 0.000932
v 0.002275 0.005949 0.000852
v 0.002275 0.005949 0.000852
v 0.002275 0.005949 0.000852
v 0.000584 0.003865 0.001286
v 0.000584 0.003865 0.001286
v 0.000447 0.003350 0.001311
v 0.000447 0.003350 0.001311
v 0.000771 0.005720 0.001181
v 0.000771 0.005720 0.001181
v 0.001439 0.005777 0.001164
v 0.001439 0.005777 0.001164
v 0.001421 0.005777 0.001074
v 0.001421 0.005777 0.001074
v 0.000771 0.005720 0.001081
v 0.000771 0.005720 0.001081
v 0.001964 0.005909 0.000854
v 0.001964 0.005909 0.000854
v 0.001964 0.005909 0.000781
v 0.001964 0.005909 0.000781
v 0.002114 0.005956 0.000827
v 0.002114 0.005956 0.000827
v 0.002114 0.005956 0.000827
v 0.002101 0.005950 0.000768
v 0.002101 0.005950 0.000768
v 0.002101 0.005950 0.000768
v 0.003248 0.002749 -0.000911
v 0.003248 0.002749 -0.000911
v 0.003248 0.002749 -0.000911
v 0.000771 0.002749 -0.000911
v 0.000771 0.002749 -0.000911
v 0.000771 0.002749 0.001229
v 0.000771 0.002749 0.001229
v 0.003248 0.002749 0.001229
v 0.003248 0.002749 0.001229
v 0.003248 0.002749 0.001229
v 0.000771 0.009443 -0.001824
v 0.000771 0.009443 -0.001824
v 0.000771 0.009541 -0.001729
v 0.000771 0.009541 -0.001729
v -0.001542 0.007655 0.001234
v -0.001542 0.007655 0.001234
v -0.001739 0.007074 0.001292
v -0.001739 0.007074 0.001292
v -0.001314 0.007273 0.001239
v -0.001314 0.007273 0.001239
v -0.001927 0.005359 -0.000930
v -0.001927 0.005359 -0.000930
v -0.001853 0.005189 0.000066
v -0.001853 0.005189 0.000066
v -0.002054 0.005842 -0.001084
v -0.002054 0.005842 -0.001084
v -0.001904 0.005466 0.001120
v -0.001904 0.005466 0.001120
v -0.002089 0.006014 0.001144
v -0.002089 0.006014 0.001144
v -0.002036 0.006440 0.001071
v -0.002036 0.006440 0.001071
v -0.002056 0.006651 -0.000085
v -0.001706 0.003870 -0.000911
v -0.001706 0.003870 -0.000911
v -0.001706 0.003870 -0.000911
v -0.001706 0.003870 -0.000911
v -0.001686 0.004412 -0.000450
v -0.001686 0.004412 -0.000450
v -0.001706 0.004325 -0.000911
v -0.001706 0.004325 -0.000911
v -0.001706 0.004325 -0.000911
v 0.000255 0.006315 0.001529
v -0.000349 0.006415 0.001303
v -0.000323 0.006067 0.001488
v -0.000323 0.006067 0.001488
v 0.000190 0.005979 0.001762
v 0.000190 0.005979 0.001762
v 0.000392 0.007130 0.002523
v 0.000548 0.007229 0.002658
v 0.000495 0.007390 0.002433
v 0.000533 0.007113 0.001184
v -0.000223 0.004292 -0.000911
v -0.000223 0.004292 -0.000911
v 0.000565 0.006629 0.001924
v 0.000465 0.006603 0.001440
v 0.000465 0.006603 0.001440
v 0.000422 0.006841 0.001846
v -0.001500 0.008336 0.001200
v -0.001500 0.008336 0.001200
v -0.002230 0.008252 0.001217
v -0.002230 0.008252 0.001217
v -0.002083 0.007600 0.001145
v -0.002083 0.007600 0.001145
v -0.002083 0.007600 0.001145
v -0.001527 0.006290 0.001306
v -0.001527 0.006290 0.001306
v -0.001993 0.006444 0.001152
v -0.001993 0.006444 0.001152
v -0.002006 0.006017 0.001241
v -0.002006 0.006017 0.001241
v -0.002006 0.006017 0.001241
v 0.000199 0.005952 0.001364
v 0.000199 0.005952 0.001364
v 0.000167 0.005825 0.001486
v -0.001563 0.006758 0.001461
v -0.001483 0.007116 0.001408
v -0.001820 0.006590 0.001298
v -0.001820 0.006590 0.001298
v -0.000760 0.006522 0.001189
v -0.000760 0.006522 0.001189
v -0.001029 0.006513 0.001407
v -0.001029 0.006513 0.001407
v -0.001025 0.006498 0.001181
v -0.001025 0.006498 0.001181
v 0.000192 0.005943 0.001470
v 0.000192 0.005943 0.001470
v 0.000192 0.005943 0.001470
v 0.000183 0.005951 0.001551
v 0.000183 0.005951 0.001551
v 0.000183 0.005951 0.001551
v 0.000183 0.005951 0.001551
v -0.000342 0.006045 0.001403
v -0.000342 0.006045 0.001403
v -0.001224 0.007772 0.001061
v -0.001224 0.007772 0.001061
v -0.000313 0.008736 0.000997
v -0.000313 0.008736 0.000997
v 0.000345 0.008500 0.001018
v 0.000345 0.008500 0.001018
v 0.000162 0.008763 0.001143
v -0.000358 0.008837 0.001157
v 0.000317 0.007196 0.001073
v 0.000317 0.007196 0.001073
v -0.000357 0.006987 0.001074
v -0.000357 0.006987 0.001074
v -0.000103 0.006717 0.001259
v 0.000416 0.006867 0.001329
v -0.000980 0.007160 0.001050
v -0.000980 0.007160 0.001050
v 0.000623 0.007841 0.001068
v 0.000623 0.007841 0.001068
v -0.001096 0.004284 0.001229
v -0.001096 0.004284 0.001229
v -0.001706 0.004378 0.001229
v -0.001706 0.004378 0.001229
v -0.001706 0.004378 0.001229
v -0.001706 0.003870 0.001229
v -0.001706 0.003870 0.001229
v -0.001706 0.003870 0.001229
v -0.001706 0.003870 0.001229
v 0.000522 0.004299 0.001229
v 0.000522 0.004299 0.001229
v 0.000522 0.004299 0.001229
v 0.000522 0.004299 0.001229
v 0.000522 0.004299 0.001229
v 0.000522 0.004299 0.001229
v 0.000150 0.003870 0.001229
v 0.000150 0.003870 0.001229
v 0.000150 0.003870 0.001229
v 0.000150 0.003870 0.001229
v -0.000534 0.004335 0.001229
v -0.000534 0.004335 0.001229
v -0.000534 0.004335 0.001229
v -0.000534 0.004335 0.001229
v 0.000147 0.003950 0.001305
v 0.000147 0.003950 0.001305
v 0.000147 0.003950 0.001305
v -0.002188 0.008888 0.001097
v -0.002188 0.008888 0.001097
v -0.001195 0.009733 -0.000331
v -0.001280 0.009664 -0.001784
v -0.001280 0.009664 -0.001784
v -0.001859 0.009532 -0.001705
v -0.001859 0.009532 -0.001705
v -0.000776 0.008144 -0.001529
v 0.000160 0.009570 -0.001906
v 0.000160 0.009570 -0.001906
v -0.001292 0.009558 -0.001864
v -0.001292 0.009558 -0.001864
v -0.000628 0.009458 -0.001790
v -0.000628 0.009458 -0.001790
v -0.001924 0.006298 -0.001120
v -0.001924 0.006298 -0.001120
v -0.000753 0.006529 -0.001269
v -0.001958 0.005837 -0.001167
v -0.001958 0.005837 -0.001167
v -0.001782 0.004477 -0.000462
v -0.001782 0.004477 -0.000462
v -0.001864 0.004402 0.000152
v -0.001864 0.004402 0.000152
v -0.001791 0.004823 -0.000892
v -0.001791 0.004823 -0.000892
v -0.001817 0.004443 -0.000885
v -0.001817 0.004443 -0.000885
v -0.002509 0.009637 -0.000414
v -0.002509 0.009637 -0.000414
v -0.002397 0.009668 0.000310
v -0.002397 0.009668 0.000310
v -0.002342 0.009740 0.000307
v -0.002342 0.009740 0.000307
v -0.002419 0.009753 -0.000442
v -0.002419 0.009753 -0.000442
v -0.001775 0.004738 0.001119
v -0.001775 0.004738 0.001119
v -0.001812 0.004505 0.000755
v -0.001812 0.004505 0.000755
v -0.001813 0.004498 0.001174
v -0.001813 0.004498 0.001174
v -0.000864 0.006839 0.001455
v -0.001009 0.007172 0.001396
v -0.001178 0.006972 0.001534
v -0.000680 0.006936 0.001274
v -0.000680 0.006936 0.001274
v -0.000953 0.007232 0.001230
v -0.000953 0.007232 0.001230
v 0.000490 0.006877 0.002573
v -0.001452 0.009247 0.001246
v -0.001452 0.009247 0.001246
v -0.001184 0.009947 0.001263
v -0.001184 0.009947 0.001263
v -0.001184 0.009947 0.001263
v -0.001723 0.009844 0.001184
v -0.001723 0.009844 0.001184
v -0.000729 0.009428 0.001245
v -0.000567 0.009860 0.001176
v -0.000567 0.009860 0.001176
v -0.001164 0.008799 0.001259
v -0.001164 0.008799 0.001259
v -0.000384 0.009024 0.001295
v 0.000151 0.009956 0.001296
v 0.000151 0.009956 0.001296
v 0.000103 0.009412 0.001246
v 0.000472 0.008865 0.001208
v 0.000180 0.010029 0.001201
v 0.000180 0.010029 0.001201
v -0.002195 0.008695 -0.001529
v -0.002195 0.008695 -0.001529
v -0.002297 0.009252 -0.001689
v -0.002297 0.009252 -0.001689
v -0.001850 0.009434 -0.001776
v -0.001850 0.009434 -0.001776
v -0.002158 0.007955 -0.001460
v -0.002158 0.007955 -0.001460
v -0.000633 0.004881 -0.001005
v -0.002401 0.009428 -0.001568
v -0.002401 0.009428 -0.001568
v -0.002346 0.009525 -0.000978
v -0.002346 0.009525 -0.000978
v -0.002273 0.009610 -0.000984
v -0.002273 0.009610 -0.000984
v -0.002318 0.009533 -0.001629
v -0.002318 0.009533 -0.001629
v -0.002240 0.007033 0.001158
v -0.002240 0.007033 0.001158
v 0.000565 0.007043 0.001803
v 0.000243 0.005155 0.001318
v 0.000243 0.005155 0.001318
v -0.000413 0.005933 0.001404
v -0.000315 0.005316 0.001282
v -0.000315 0.005316 0.001282
v -0.000315 0.005316 0.001282
v -0.001110 0.006229 0.001172
v -0.001110 0.006229 0.001172
v -0.000990 0.006428 0.001125
v -0.000990 0.006428 0.001125
v -0.000990 0.006428 0.001125
v -0.000990 0.006428 0.001125
v -0.000990 0.006428 0.001125
v -0.000666 0.006211 0.001267
v -0.000666 0.006211 0.001267
v -0.000696 0.006194 0.001230
v -0.000696 0.006194 0.001230
v -0.000311 0.006043 0.001343
v -0.000311 0.006043 0.001343
v -0.001851 0.005457 0.001184
v -0.001851 0.005457 0.001184
v -0.001855 0.004963 0.001242
v -0.001855 0.004963 0.001242
v -0.001206 0.004924 0.001255
v -0.001452 0.005810 0.001272
v -0.001452 0.005810 0.001272
v -0.000946 0.005865 0.001238
v -0.000946 0.005865 0.001238
v -0.000803 0.006149 0.001243
v -0.001202 0.006363 0.001374
v -0.001202 0.006363 0.001374
v -0.001251 0.006633 0.001523
v -0.000680 0.006737 0.001265
v -0.000680 0.006737 0.001265
v 0.000671 0.005941 0.001624
v 0.000671 0.005941 0.001624
v 0.000671 0.005941 0.001624
v 0.000671 0.005941 0.001624
v 0.000672 0.005936 0.001544
v 0.000672 0.005936 0.001544
v 0.000672 0.005936 0.001544
v 0.000637 0.005454 0.001605
v 0.000637 0.005454 0.001605
v 0.000637 0.005454 0.001605
v 0.000636 0.005481 0.001676
v 0.000636 0.005481 0.001676
v 0.000636 0.005481 0.001676
v 0.000110 0.005535 0.001603
v 0.000110 0.005535 0.001603
v 0.000110 0.005535 0.001603
v 0.000120 0.005518 0.001517
v 0.000120 0.005518 0.001517
v 0.000120 0.005518 0.001517
v -0.000967 0.008469 0.000990
v -0.000967 0.008469 0.000990
v -0.001080 0.008638 0.001164
v -0.000331 0.007818 0.000832
v -0.000726 0.006195 0.001211
v -0.000726 0.006195 0.001211
v -0.002336 0.009503 0.001219
v -0.002336 0.009503 0.001219
v -0.001943 0.004948 0.001140
v -0.001943 0.004948 0.001140
v -0.001943 0.004948 0.001140
v -0.001915 0.005019 -0.000988
v -0.001915 0.005019 -0.000988
v -0.001915 0.005019 -0.000988
v -0.001123 0.004422 -0.001028
v -0.001123 0.004422 -0.001028
v -0.001688 0.004793 -0.000995
v -0.001688 0.004793 -0.000995
v -0.001799 0.005018 -0.001086
v -0.001799 0.005018 -0.001086
v -0.000223 0.004353 -0.001007
v -0.000223 0.004353 -0.001007
v 0.000216 0.004779 0.001313
v 0.000223 0.005078 0.001320
v 0.000223 0.005078 0.001320
v -0.000460 0.004841 0.001281
v -0.000460 0.004841 0.001281
v -0.000538 0.004420 0.001297
v -0.000538 0.004420 0.001297
v -0.000538 0.004420 0.001297
v -0.001098 0.004370 0.001274
v -0.001098 0.004370 0.001274
v 0.000170 0.004369 0.001294
v 0.000170 0.004369 0.001294
v -0.001123 0.004335 -0.000911
v -0.001123 0.004335 -0.000911
v -0.001751 0.004490 0.001273
v -0.001751 0.004490 0.001273
v -0.000755 0.005954 0.000037
v -0.000046 0.005664 -0.000132
v -0.000046 0.005664 -0.000132
v -0.000046 0.005664 -0.000132
v -0.000205 0.006085 -0.000079
v 0.000329 0.005778 -0.000324
v 0.000329 0.005778 -0.000324
v 0.000190 0.005938 -0.000230
v 0.000190 0.005938 -0.000230
v 0.000662 0.004109 0.001262
v 0.000662 0.004109 0.001262
v 0.000657 0.004094 0.001264
v 0.000657 0.004094 0.001264
v -0.002134 0.007033 0.001256
v -0.002134 0.007033 0.001256
v -0.001732 0.004735 0.001174
v -0.001732 0.004735 0.001174
v -0.002170 0.007611 0.001035
v -0.002170 0.007611 0.001035
v -0.002348 0.008255 0.001129
v -0.002348 0.008255 0.001129
v -0.002280 0.008913 0.001021
v -0.002280 0.008913 0.001021
v -0.001723 0.009906 0.001082
v -0.001723 0.009906 0.001082
v -0.002264 0.009916 0.001050
v -0.002264 0.009916 0.001050
v -0.002269 0.009828 0.001170
v -0.002269 0.009828 0.001170
v -0.001177 0.010035 0.001162
v -0.001177 0.010035 0.001162
v -0.000554 0.009929 0.001107
v -0.000554 0.009929 0.001107
v -0.001686 0.004412 0.000768
v -0.001686 0.004412 0.000768
v -0.001706 0.004316 0.000159
v -0.001706 0.004316 0.000159
v -0.001726 0.004416 -0.000991
v -0.001726 0.004416 -0.000991
v -0.001841 0.005375 -0.001000
v -0.001841 0.005375 -0.001000
v -0.002000 0.006308 -0.001068
v -0.002000 0.006308 -0.001068
v -0.002136 0.006894 -0.001251
v -0.002136 0.006894 -0.001251
v -0.002036 0.006901 -0.001350
v -0.002036 0.006901 -0.001350
v -0.002100 0.007524 -0.001218
v -0.002100 0.007524 -0.001218
v -0.001990 0.007516 -0.001285
v -0.001990 0.007516 -0.001285
v -0.002246 0.007919 -0.001369
v -0.002246 0.007919 -0.001369
v -0.002281 0.008704 -0.001433
v -0.002281 0.008704 -0.001433
v -0.002299 0.009412 -0.001735
v -0.002299 0.009412 -0.001735
v -0.000629 0.009557 -0.001727
v -0.000629 0.009557 -0.001727
v 0.000150 0.009672 -0.001820
v 0.000150 0.009672 -0.001820
v -0.002435 0.009648 0.001095
v -0.002435 0.009648 0.001095
v -0.002425 0.009783 0.001001
v -0.002425 0.009783 0.001001
v -0.002196 0.008252 -0.000218
v -0.002395 0.009303 -0.001622
v -0.002395 0.009303 -0.001622
v -0.000286 0.006116 0.000613
v -0.000333 0.005829 0.000768
v -0.000333 0.005829 0.000768
v -0.000522 0.005773 0.000586
v -0.001001 0.005994 0.000612
v -0.000632 0.005837 0.000693
v -0.000632 0.005837 0.000693
v -0.000632 0.005837 0.000693
v 0.000121 0.005697 0.001074
v 0.000121 0.005697 0.001074
v 0.000174 0.005636 0.000344
v 0.000174 0.005636 0.000344
v 0.000360 0.005811 0.000876
v 0.000377 0.005766 0.000870
v 0.000436 0.005865 -0.000045
v 0.000486 0.005902 0.000186
v 0.000025 0.005791 0.000408
v 0.000073 0.005868 0.000331
v -0.000007 0.005804 -0.000014
v -0.000037 0.005744 0.000127
v 0.000256 0.005722 0.000684
v 0.000517 0.005910 0.000429
v 0.000456 0.005894 0.000679
v 0.000156 0.005806 0.000673
v 0.000200 0.005877 0.000646
v 0.000386 0.005868 0.000802
v 0.000103 0.005697 0.001164
v 0.000103 0.005697 0.001164
v -0.000422 0.005829 0.000939
v -0.000422 0.005829 0.000939
v -0.000629 0.005863 0.000795
v -0.000629 0.005863 0.000795
v -0.000629 0.005863 0.000795
v 0.000121 0.005777 0.001074
v 0.000121 0.005777 0.001074
v 0.000103 0.005777 0.001164
v 0.000103 0.005777 0.001164
v -0.000422 0.005909 0.000781
v -0.000422 0.005909 0.000781
v -0.000422 0.005909 0.000854
v -0.000422 0.005909 0.000854
v -0.000562 0.005917 0.000761
v -0.000562 0.005917 0.000761
v -0.000562 0.005917 0.000761
v -0.000559 0.005918 0.000729
v -0.000559 0.005918 0.000729
v -0.000559 0.005918 0.000729
v -0.001706 0.002749 -0.000911
v -0.001706 0.002749 -0.000911
v -0.001706 0.002749 -0.000911
v -0.001706 0.002749 0.001229
v -0.001706 0.002749 0.001229
v -0.001706 0.002749 0.001229
v 0.000917 0.007304 -0.000340
v 0.000189 0.006917 -0.000714
v -0.000685 0.006917 -0.000714
v -0.001414 0.007304 -0.000340
v -0.001663 0.007912 0.000223
v 0.001166 0.007912 0.000223
v 0.000777 0.006844 0.000161
v 0.000137 0.006513 -0.000166
v -0.000633 0.006513 -0.000166
v -0.001274 0.006844 0.000161
v 0.001033 0.007303 0.000729
v 0.000463 0.006585 0.000645
v 0.000014 0.006407 0.000467
v -0.000510 0.006407 0.000467
v -0.000959 0.006585 0.000645
v -0.001122 0.006945 0.001035
v 0.000626 0.006945 0.001035
v 0.000074 0.006658 0.001011
v 0.000074 0.006658 0.001011
v -0.000248 0.006529 0.000848
v -0.000575 0.006655 0.001006
v -0.000575 0.006655 0.001006
v -0.000707 0.006809 0.001148
v 0.000237 0.006807 0.001150
v 0.000642 0.006863 0.000980
v 0.000214 0.006696 0.001118
v -0.000250 0.006653 0.001153
v -0.000710 0.006698 0.001122
v -0.001139 0.006864 0.000981
v -0.001532 0.007306 0.000732
v 0.000613 0.006805 0.000869
v -0.000250 0.006634 0.001026
v -0.000250 0.006634 0.001026
v -0.001114 0.006814 0.000879
v -0.000251 0.006750 0.001198
v 0.000905 0.008360 -0.000303
v 0.000199 0.008772 -0.000649
v -0.000676 0.008772 -0.000649
v -0.001383 0.008360 -0.000303
v -0.001653 0.007714 0.000216
v 0.001175 0.007714 0.000216
v 0.000849 0.008784 0.000229
v 0.000177 0.009137 -0.000075
v -0.000654 0.009137 -0.000075
v -0.001327 0.008784 0.000229
v 0.001043 0.008283 0.000730
v 0.000448 0.008976 0.000764
v 0.000024 0.009199 0.000564
v -0.000501 0.009199 0.000564
v -0.000925 0.008976 0.000764
v -0.001112 0.008622 0.001093
v 0.000635 0.008622 0.001093
v 0.000083 0.008910 0.001090
v 0.000083 0.008910 0.001090
v -0.000105 0.009051 0.000936
v -0.000372 0.009051 0.000936
v -0.000566 0.008913 0.001085
v -0.000566 0.008913 0.001085
v -0.000759 0.008723 0.001191
v -0.000759 0.008723 0.001191
v -0.000759 0.008723 0.001191
v 0.000310 0.008727 0.001195
v 0.000310 0.008727 0.001195
v 0.000310 0.008727 0.001195
v 0.000651 0.008708 0.001045
v 0.000224 0.008865 0.001194
v -0.000170 0.008904 0.001234
v -0.000311 0.008906 0.001230
v -0.000701 0.008862 0.001197
v -0.001128 0.008707 0.001046
v 0.000586 0.008773 0.000937
v -0.000147 0.008930 0.001110
v -0.000147 0.008930 0.001110
v -0.000333 0.008935 0.001103
v -0.000333 0.008935 0.001103
v -0.001068 0.008764 0.000947
v -0.001521 0.008283 0.000730
v -0.000171 0.008805 0.001270
v -0.000171 0.008805 0.001270
v -0.000171 0.008805 0.001270
v -0.000312 0.008805 0.001269
v -0.000312 0.008805 0.001269
v -0.000312 0.008805 0.001269
v -0.000312 0.008815 0.001257
v -0.000312 0.008815 0.001257
v -0.000312 0.008815 0.001257
v -0.000171 0.008818 0.001255
v -0.000171 0.008818 0.001255
v -0.000171 0.008818 0.001255
v 0.000302 0.008745 0.001182
v 0.000302 0.008745 0.001182
v 0.000302 0.008745 0.001182
v -0.000752 0.008740 0.001177
v -0.000752 0.008740 0.001177
v -0.000752 0.008740 0.001177
v -0.000633 0.008789 0.001228
v -0.000633 0.008789 0.001228
v -0.000633 0.008789 0.001228
v -0.000635 0.008776 0.001242
v -0.000635 0.008776 0.001242
v -0.000635 0.008776 0.001242
v 0.000183 0.008789 0.001226
v 0.000183 0.008789 0.001226
v 0.000183 0.008789 0.001226
v 0.000185 0.008775 0.001241
v 0.000185 0.008775 0.001241
v 0.000185 0.008775 0.001241
v -0.000171 0.009091 0.001394
v -0.000171 0.009091 0.001394
v -0.000171 0.009091 0.001394
v -0.000312 0.009090 0.001395
v -0.000312 0.009090 0.001395
v -0.000312 0.009090 0.001395
v 0.000444 0.008998 0.001335
v 0.000444 0.008998 0.001335
v 0.000444 0.008998 0.001335
v 0.000323 0.009042 0.001361
v 0.000323 0.009042 0.001361
v 0.000323 0.009042 0.001361
v -0.000876 0.009000 0.001329
v -0.000876 0.009000 0.001329
v -0.000876 0.009000 0.001329
v -0.000754 0.009034 0.001351
v -0.000754 0.009034 0.001351
v -0.000754 0.009034 0.001351
v 0.000197 0.008270 -0.000856
v -0.000177 0.008546 -0.000790
v -0.000639 0.008546 -0.000709
v -0.001013 0.008270 -0.000643
v -0.001156 0.007824 -0.000618
v -0.001013 0.007378 -0.000643
v -0.000639 0.007102 -0.000709
v -0.000177 0.007102 -0.000790
v 0.000197 0.007378 -0.000856
v 0.000339 0.007824 -0.000881
v 0.000629 0.008533 -0.000485
v 0.000035 0.008970 -0.000381
v -0.000698 0.008970 -0.000251
v -0.001292 0.008533 -0.000147
v -0.001519 0.007824 -0.000107
v -0.001292 0.007115 -0.000147
v -0.000698 0.006677 -0.000251
v 0.000035 0.006677 -0.000381
v 0.000629 0.007115 -0.000485
v 0.000855 0.007824 -0.000525
v 0.000897 0.008618 0.000103
v 0.000233 0.009109 0.000221
v -0.000589 0.009109 0.000366
v -0.001254 0.008618 0.000483
v -0.001508 0.007824 0.000528
v -0.001254 0.007030 0.000483
v -0.000589 0.006539 0.000366
v 0.000233 0.006539 0.000221
v 0.000897 0.007030 0.000103
v 0.001151 0.007824 0.000059
v 0.000855 0.008533 0.000798
v 0.000262 0.008971 0.000902
v -0.000472 0.008971 0.001032
v -0.001066 0.008533 0.001137
v -0.001293 0.007824 0.001177
v -0.001066 0.007115 0.001137
v -0.000472 0.006677 0.001032
v 0.000262 0.006677 0.000902
v 0.000855 0.007115 0.000798
v 0.001082 0.007824 0.000758
v -0.000026 0.008564 0.001415
v -0.000719 0.008112 0.001537
v -0.000646 0.007367 0.001525
v -0.000026 0.007084 0.001415
v 0.000594 0.007367 0.001306
v 0.000667 0.008112 0.001293
v 0.000423 0.007965 0.001462
v 0.000423 0.007965 0.001462
v -0.000005 0.008281 0.001538
v -0.000005 0.008281 0.001538
v -0.000432 0.007965 0.001613
v -0.000432 0.007965 0.001613
v -0.000387 0.007542 0.001605
v -0.000387 0.007542 0.001605
v -0.000005 0.007367 0.001538
v -0.000005 0.007367 0.001538
v 0.000378 0.007542 0.001470
v 0.000378 0.007542 0.001470
v -0.000437 0.007824 -0.000913
v 0.000011 0.007824 0.001627
v 0.002569 0.008270 -0.000640
v 0.002196 0.008546 -0.000706
v 0.001734 0.008546 -0.000788
v 0.001360 0.008270 -0.000854
v 0.001217 0.007824 -0.000879
v 0.001360 0.007378 -0.000854
v 0.001734 0.007102 -0.000788
v 0.002196 0.007102 -0.000706
v 0.002569 0.007378 -0.000640
v 0.002712 0.007824 -0.000615
v 0.002849 0.008533 -0.000144
v 0.002255 0.008970 -0.000249
v 0.001521 0.008970 -0.000378
v 0.000928 0.008533 -0.000483
v 0.000702 0.007824 -0.000523
v 0.000928 0.007115 -0.000483
v 0.001521 0.006677 -0.000378
v 0.002255 0.006677 -0.000249
v 0.002849 0.007115 -0.000144
v 0.003075 0.007824 -0.000104
v 0.002900 0.008618 0.000501
v 0.002235 0.009109 0.000384
v 0.001413 0.009109 0.000239
v 0.000749 0.008618 0.000122
v 0.000495 0.007824 0.000077
v 0.000749 0.007030 0.000122
v 0.001413 0.006539 0.000239
v 0.002235 0.006539 0.000384
v 0.002900 0.007030 0.000501
v 0.003154 0.007824 0.000546
v 0.002623 0.008533 0.001139
v 0.002029 0.008971 0.001034
v 0.001295 0.008971 0.000905
v 0.000702 0.008533 0.000800
v 0.000475 0.007824 0.000760
v 0.000702 0.007115 0.000800
v 0.001295 0.006677 0.000905
v 0.002029 0.006677 0.001034
v 0.002623 0.007115 0.001139
v 0.002850 0.007824 0.001179
v 0.001583 0.008564 0.001418
v 0.000890 0.008112 0.001296
v 0.000963 0.007367 0.001308
v 0.001583 0.007084 0.001418
v 0.002203 0.007367 0.001527
v 0.002276 0.008112 0.001540
v 0.001989 0.007965 0.001616
v 0.001989 0.007965 0.001616
v 0.001561 0.008281 0.001540
v 0.001561 0.008281 0.001540
v 0.001133 0.007965 0.001465
v 0.001133 0.007965 0.001465
v 0.001179 0.007542 0.001473
v 0.001179 0.007542 0.001473
v 0.001561 0.007367 0.001540
v 0.001561 0.007367 0.001540
v 0.001944 0.007542 0.001608
v 0.001944 0.007542 0.001608
v 0.001993 0.007824 -0.000910
v 0.001545 0.007824 0.001630
v 0.002923 0.008360 -0.000303
v 0.002215 0.008772 -0.000649
v 0.001341 0.008772 -0.000649
v 0.000634 0.008360 -0.000303
v 0.000364 0.007714 0.000216
v 0.003193 0.007714 0.000216
v 0.002866 0.008784 0.000229
v 0.002194 0.009137 -0.000075
v 0.001362 0.009137 -0.000075
v 0.000690 0.008784 0.000229
v 0.003060 0.008283 0.000730
v 0.002464 0.008976 0.000764
v 0.002040 0.009199 0.000564
v 0.001516 0.009199 0.000564
v 0.001092 0.008976 0.000764
v 0.000905 0.008622 0.001093
v 0.002651 0.008622 0.001093
v 0.002100 0.008910 0.001090
v 0.002100 0.008910 0.001090
v 0.001911 0.009051 0.000936
v 0.001644 0.009051 0.000936
v 0.001451 0.008913 0.001085
v 0.001451 0.008913 0.001085
v 0.001257 0.008723 0.001191
v 0.001257 0.008723 0.001191
v 0.001257 0.008723 0.001191
v 0.002326 0.008727 0.001195
v 0.002326 0.008727 0.001195
v 0.002326 0.008727 0.001195
v 0.002667 0.008708 0.001045
v 0.002240 0.008865 0.001194
v 0.001847 0.008904 0.001234
v 0.001705 0.008906 0.001230
v 0.001316 0.008862 0.001197
v 0.000888 0.008707 0.001046
v 0.002603 0.008773 0.000937
v 0.001870 0.008930 0.001110
v 0.001870 0.008930 0.001110
v 0.001683 0.008935 0.001103
v 0.001683 0.008935 0.001103
v 0.000949 0.008764 0.000947
v 0.000497 0.008283 0.000730
v 0.001845 0.008805 0.001270
v 0.001845 0.008805 0.001270
v 0.001845 0.008805 0.001270
v 0.001704 0.008805 0.001269
v 0.001704 0.008805 0.001269
v 0.001704 0.008805 0.001269
v 0.001705 0.008815 0.001257
v 0.001705 0.008815 0.001257
v 0.001705 0.008815 0.001257
v 0.001845 0.008818 0.001255
v 0.001845 0.008818 0.001255
v 0.001845 0.008818 0.001255
v 0.002318 0.008745 0.001182
v 0.002318 0.008745 0.001182
v 0.002318 0.008745 0.001182
v 0.001264 0.008740 0.001177
v 0.001264 0.008740 0.001177
v 0.001264 0.008740 0.001177
v 0.001384 0.008789 0.001228
v 0.001384 0.008789 0.001228
v 0.001384 0.008789 0.001228
v 0.001381 0.008776 0.001242
v 0.001381 0.008776 0.001242
v 0.001381 0.008776 0.001242
v 0.002199 0.008789 0.001226
v 0.002199 0.008789 0.001226
v 0.002199 0.008789 0.001226
v 0.002201 0.008775 0.001241
v 0.002201 0.008775 0.001241
v 0.002201 0.008775 0.001241
v 0.001845 0.009091 0.001394
v 0.001845 0.009091 0.001394
v 0.001845 0.009091 0.001394
v 0.001705 0.009090 0.001395
v 0.001705 0.009090 0.001395
v 0.001705 0.009090 0.001395
v 0.002460 0.008998 0.001335
v 0.002460 0.008998 0.001335
v 0.002460 0.008998 0.001335
v 0.002340 0.009042 0.001361
v 0.002340 0.009042 0.001361
v 0.002340 0.009042 0.001361
v 0.001141 0.009000 0.001329
v 0.001141 0.009000 0.001329
v 0.001141 0.009000 0.001329
v 0.001262 0.009034 0.001351
v 0.001262 0.009034 0.001351
v 0.001262 0.009034 0.001351
v 0.002937 0.007304 -0.000340
v 0.002208 0.006917 -0.000714
v 0.001334 0.006917 -0.000714
v 0.000606 0.007304 -0.000340
v 0.000357 0.007912 0.000223
v 0.003186 0.007912 0.000223
v 0.002797 0.006844 0.000161
v 0.002156 0.006513 -0.000166
v 0.001386 0.006513 -0.000166
v 0.000746 0.006844 0.000161
v 0.003053 0.007303 0.000729
v 0.002482 0.006585 0.000645
v 0.002033 0.006407 0.000467
v 0.001509 0.006407 0.000467
v 0.001060 0.006585 0.000645
v 0.000897 0.006945 0.001035
v 0.002645 0.006945 0.001035
v 0.002093 0.006658 0.001011
v 0.002093 0.006658 0.001011
v 0.001771 0.006529 0.000848
v 0.001444 0.006655 0.001006
v 0.001444 0.006655 0.001006
v 0.001312 0.006809 0.001148
v 0.002256 0.006807 0.001150
v 0.002661 0.006863 0.000980
v 0.002233 0.006696 0.001118
v 0.001769 0.006653 0.001153
v 0.001309 0.006698 0.001122
v 0.000880 0.006864 0.000981
v 0.000488 0.007306 0.000732
v 0.002632 0.006805 0.000869
v 0.001769 0.006634 0.001026
v 0.001769 0.006634 0.001026
v 0.000905 0.006814 0.000879
v 0.001768 0.006750 0.001198
vt 0.882700 1.957200
vt 0.882800 1.919200
vt 0.828100 1.957100
vt 0.834500 1.921400
vt 0.882700 1.903400
vt 0.484900 1.648000
vt 0.455300 1.648000
vt 0.470100 1.635800
vt 0.946900 1.957100
vt 0.939100 1.920300
vt 0.937300 1.957100
vt 0.931000 1.921400
vt 0.882700 1.962400
vt 0.818500 1.957100
vt 0.829700 1.962400
vt 0.926500 1.962400
vt 0.838900 1.962400
vt 0.014800 1.220000
vt 0.073500 1.220000
vt 0.015000 1.298900
vt 0.073500 1.298900
vt 0.127600 1.220000
vt 0.127700 1.298900
vt 0.023400 1.298900
vt 0.023900 1.220000
vt -1.918100 1.900500
vt -1.912500 1.903900
vt -1.904900 1.886600
vt -1.904900 1.896600
vt -1.892700 1.936300
vt -1.897900 1.909300
vt -1.904900 1.938600
vt -1.904900 1.919800
vt -1.911400 1.914700
vt -1.917200 1.936300
vt -1.917400 1.898700
vt -1.904900 1.893700
vt -1.892400 1.898700
vt -1.891700 1.900500
vt -1.888300 1.912000
vt -1.892700 1.981200
vt -1.904900 1.985900
vt -1.904900 1.990500
vt -1.921400 1.938000
vt -1.921500 1.912000
vt 0.490100 1.697000
vt 0.450100 1.697000
vt 0.487600 1.675600
vt 0.452600 1.675600
vt -1.890300 1.947100
vt -1.892100 1.929100
vt -1.888400 1.938000
vt 0.826500 1.920300
vt -1.892700 1.927600
vt -1.894100 1.905700
vt 0.935700 1.962400
vt 0.882700 1.954500
vt 0.907900 1.954500
vt 0.855500 1.954500
vt 0.859700 1.954500
vt 0.127700 1.322600
vt 0.127700 1.351800
vt 0.073500 1.322600
vt 0.073500 1.351800
vt 0.015000 1.351800
vt 0.015000 1.322600
vt 0.023400 1.322600
vt 0.023400 1.351800
vt 0.691500 1.737400
vt 0.691500 1.671400
vt 0.729300 1.737100
vt 0.728000 1.671400
vt 0.650600 1.737100
vt 0.652100 1.671400
vt 0.656600 1.737000
vt 0.657700 1.671400
vt -1.904900 1.895500
vt -1.915800 1.905700
vt -1.917100 1.981200
vt -1.915400 1.980700
vt -1.894400 1.980700
vt -1.917700 1.929100
vt -1.917100 1.927400
vt -1.904900 1.963300
vt -1.920200 1.963900
vt -1.919500 1.947100
vt -1.925000 1.969100
vt -1.921200 1.968400
vt 0.447800 1.722300
vt 0.492400 1.722300
vt -1.884900 1.969100
vt -1.888600 1.968400
vt 0.455700 1.736900
vt 0.484500 1.736900
vt 0.470100 1.740900
vt 0.453400 1.673700
vt 0.486700 1.673900
vt 0.503300 1.626400
vt 0.562800 1.626400
vt 0.503300 1.734200
vt 0.562800 1.734200
vt 0.609300 1.626400
vt 0.609300 1.734200
vt 0.529400 1.626400
vt 0.529400 1.734200
vt -1.904900 1.984100
vt -1.901500 1.966900
vt 0.073500 1.310700
vt 0.127700 1.310700
vt 0.015000 1.310700
vt 0.023400 1.310700
vt 0.652100 1.655700
vt 0.691500 1.655700
vt 0.652100 1.663600
vt 0.691500 1.663600
vt 0.728000 1.655700
vt 0.728000 1.663600
vt 0.657700 1.655700
vt 0.657700 1.663600
vt 0.019200 1.298900
vt 0.019400 1.220000
vt 0.123600 1.298900
vt 0.123100 1.220000
vt -1.912000 1.909300
vt -1.898400 1.914700
vt 0.910000 1.954500
vt 0.857600 1.954500
vt 0.905800 1.954500
vt 0.132100 1.220000
vt 0.131900 1.298900
vt 0.131900 1.322600
vt 0.131900 1.351800
vt 0.019200 1.351800
vt 0.019200 1.322600
vt 0.123600 1.322600
vt 0.123600 1.351800
vt 0.732300 1.737100
vt 0.730800 1.671400
vt 0.653600 1.737100
vt 0.654900 1.671400
vt 0.726300 1.737000
vt 0.725200 1.671400
vt -1.897300 1.903900
vt 0.516300 1.626400
vt 0.516300 1.734200
vt 0.596200 1.626400
vt 0.596200 1.734200
vt 0.622300 1.626400
vt 0.622300 1.734200
vt 0.131900 1.310700
vt 0.019200 1.310700
vt 0.123600 1.310700
vt 0.654900 1.655700
vt 0.654900 1.663600
vt 0.725200 1.655700
vt 0.725200 1.663600
vt 0.730800 1.655700
vt 0.730800 1.663600
vt -1.521500 1.513900
vt -1.528300 1.529100
vt -1.520100 1.532000
vt 0.943900 1.386900
vt 0.957800 1.343600
vt 0.849100 1.402200
vt 0.745100 1.329200
vt 0.749000 1.377400
vt 0.740300 0.630000
vt 0.643100 0.630000
vt 0.631000 0.656600
vt -1.559200 1.548100
vt -1.575000 1.551800
vt -1.559900 1.559000
vt -1.577300 1.563000
vt -1.583700 1.525700
vt -1.585600 1.519200
vt -1.586500 1.524200
vt -1.583900 1.529800
vt -1.590700 1.511500
vt -1.590700 1.529400
vt 0.864900 1.271000
vt 0.956400 1.301800
vt -0.273000 1.747900
vt -0.350900 1.748200
vt -0.350900 1.696800
vt -1.586000 1.540500
vt -1.586800 1.538600
vt -1.590700 1.542600
vt -1.590700 1.539600
vt -1.585400 1.534600
vt -1.545600 1.557000
vt -1.538600 1.562200
vt -1.542400 1.549400
vt -1.537800 1.553200
vt -1.526500 1.553100
vt -1.513000 1.557800
vt -1.513000 1.545500
vt -1.576500 1.575400
vt -1.578200 1.569700
vt -1.590700 1.576200
vt -1.590700 1.570700
vt 0.344800 1.700200
vt 0.364700 1.663000
vt 0.330900 1.654600
vt -1.520700 1.545200
vt -1.547600 1.548500
vt -1.541400 1.548700
vt -1.540100 1.547500
vt -0.222200 1.739900
vt -0.210300 1.737400
vt -0.222000 1.742000
vt -1.528700 1.513000
vt -1.522400 1.496000
vt -1.571200 1.490900
vt -1.550300 1.485400
vt -1.572500 1.482800
vt -1.548700 1.480700
vt -1.590700 1.491500
vt -1.555700 1.535000
vt -1.577300 1.524500
vt -1.564500 1.540200
vt -1.582600 1.536000
vt -1.539100 1.532000
vt -1.535600 1.530200
vt -1.551400 1.540800
vt -1.581700 1.511000
vt -0.341900 1.654300
vt -0.277200 1.630400
vt -0.345100 1.630200
vt -1.404100 1.715300
vt -1.418300 1.715300
vt -1.400800 1.727900
vt -1.417000 1.721400
vt -0.303100 1.742100
vt -0.273000 1.703500
vt -0.344500 1.735700
vt -0.284200 1.733800
vt -0.350900 1.699600
vt -1.506300 1.494800
vt -1.507500 1.482600
vt -1.590700 1.553500
vt -1.590700 1.564300
vt -1.510400 1.513100
vt -1.508400 1.525400
vt -0.091000 1.524500
vt -0.059000 1.457200
vt -0.093500 1.452100
vt 0.494700 1.114100
vt 0.425800 1.003200
vt 0.358300 1.107900
vt 0.376100 1.013300
vt 0.331400 1.008200
vt 0.266300 1.273300
vt 0.263400 1.315000
vt 0.364100 1.252300
vt 1.454400 1.541900
vt 1.450200 1.593500
vt 1.505700 1.584400
vt 1.544400 1.555400
vt 1.543900 1.584100
vt -0.826200 1.512000
vt -0.825000 1.513200
vt -0.822600 1.511800
vt -0.821500 1.513700
vt 1.395800 1.584200
vt 0.260900 1.686500
vt 0.295000 1.677100
vt 0.276000 1.648800
vt 0.251500 1.675500
vt 0.270200 1.647900
vt -1.590700 1.520500
vt -1.590700 1.533700
vt -1.585500 1.531800
vt -1.590700 1.527300
vt -1.525800 1.472300
vt -1.520600 1.457800
vt -1.535700 1.455000
vt -1.553000 1.457400
vt -1.548500 1.469500
vt -1.528600 1.482100
vt -1.558900 1.474400
vt -1.590700 1.474400
vt -1.571900 1.470000
vt -1.590700 1.457100
vt -1.570400 1.454100
vt -1.584500 1.478900
vt -1.590700 1.534100
vt -0.185400 1.524700
vt -0.185400 1.606500
vt -0.152200 1.609000
vt 0.272600 1.015500
vt 0.243300 1.075500
vt 0.232700 1.042700
vt 0.243800 1.106300
vt 0.260700 1.163400
vt 0.255300 1.212600
vt 0.375700 1.415200
vt 0.494700 1.251600
vt 0.494700 1.415600
vt -0.824800 1.515100
vt -0.825800 1.515700
vt -0.824000 1.516900
vt -0.824800 1.517100
vt 0.746100 1.225200
vt 0.753500 1.289900
vt -1.586800 1.530800
vt -1.590700 1.529700
vt -1.590700 1.517400
vt -1.547400 1.543900
vt -1.575800 1.584100
vt -1.590700 1.581700
vt -1.554200 1.575200
vt -1.557400 1.568300
vt -0.803700 1.699700
vt -0.807000 1.697200
vt -0.807900 1.697600
vt -0.812800 1.697000
vt -1.549600 1.554400
vt -1.548700 1.555200
vt -1.559400 1.560000
vt -1.560200 1.563500
vt -0.710800 1.463700
vt -0.732800 1.541800
vt -0.676300 1.485200
vt -0.676000 1.531000
vt -0.808500 1.500400
vt -0.749500 1.452200
vt -1.525100 1.563300
vt 0.313300 1.636900
vt 0.298600 1.711300
vt 0.336400 1.747000
vt -1.532600 1.551400
vt 0.278000 1.723400
vt 0.251500 1.698000
vt 0.294500 1.738800
vt 0.102000 1.866800
vt 0.101900 1.854800
vt 0.117600 1.855900
vt 0.117300 1.842900
vt -1.536300 1.491500
vt -1.532500 1.487800
vt -0.905500 1.699400
vt -0.916700 1.667100
vt -0.943800 1.698900
vt -0.937200 1.657900
vt -0.966800 1.662100
vt -0.986000 1.685600
vt -0.977100 1.716700
vt -0.945200 1.732600
vt -0.915700 1.725300
vt -1.548100 1.556400
vt 0.211500 1.299800
vt 0.221600 1.260500
vt 0.160900 1.278900
vt 0.175500 1.226800
vt -0.035800 1.561500
vt -0.030900 1.522700
vt -0.034700 1.468900
vt -0.036200 1.494600
vt 0.743100 1.423900
vt 0.949200 1.417400
vt 0.276900 1.388900
vt 0.273400 1.356700
vt 0.334200 1.455100
vt 0.413400 1.457500
vt 0.494700 1.455100
vt 0.040100 1.987500
vt 0.040100 1.902400
vt 0.056300 1.977100
vt 0.056300 1.888600
vt 0.109900 1.822300
vt 0.109900 1.757600
vt 0.092600 1.832000
vt 0.092600 1.755000
vt -0.987200 1.772700
vt -0.987200 1.799200
vt -0.955300 1.761200
vt -0.955300 1.796500
vt 0.094100 1.829900
vt 0.078100 1.834600
vt 0.094100 1.767700
vt 0.076800 1.766200
vt -0.932300 1.901700
vt -0.919200 1.901700
vt -0.919100 1.907400
vt -0.895000 1.901700
vt -1.556000 1.594900
vt -1.575000 1.594800
vt -1.575200 1.585600
vt -1.590700 1.583600
vt -1.590700 1.594600
vt -1.536700 1.597000
vt -1.538100 1.607700
vt -1.519600 1.598000
vt -1.519800 1.606300
vt -1.572000 1.563900
vt -1.587400 1.565800
vt -0.873700 1.596700
vt -0.859000 1.597600
vt -0.873600 1.595400
vt -0.858900 1.596900
vt 1.360300 1.563500
vt 1.358100 1.590300
vt -0.907700 1.595700
vt -0.907700 1.596700
vt -0.901200 1.596200
vt -0.901200 1.597300
vt 0.286300 1.423200
vt -0.882700 1.596700
vt -0.882700 1.595300
vt -0.859000 1.596700
vt -0.859000 1.595300
vt -0.907700 1.595300
vt -0.841400 1.595500
vt -0.844200 1.597200
vt -0.199700 1.703200
vt -0.213800 1.700200
vt -0.211900 1.695900
vt -0.894300 1.944300
vt -0.928900 1.932800
vt -0.902600 1.974300
vt -0.928800 1.979300
vt -1.397700 1.715300
vt 1.093200 1.901200
vt 1.105000 1.880200
vt 1.089500 1.900700
vt 1.101600 1.922300
vt 1.098100 1.922300
vt 1.090000 1.902300
vt -1.434000 1.725900
vt -1.418200 1.721700
vt -1.419800 1.715800
vt 1.117900 1.960900
vt 1.113300 1.960800
vt 1.077400 1.994600
vt 1.077400 1.990400
vt -0.839800 1.595300
vt -0.842000 1.590600
vt -0.843100 1.590700
vt -0.839200 1.584400
vt -0.836900 1.584700
vt -0.838800 1.576400
vt -0.840200 1.576500
vt -0.835800 1.569900
vt -0.833300 1.570200
vt -0.837000 1.560700
vt -0.835900 1.560400
vt -0.829000 1.550500
vt -0.831700 1.550900
vt -0.831000 1.542000
vt -0.833200 1.542100
vt -0.826900 1.532100
vt -0.830000 1.532100
vt -0.829100 1.524400
vt -0.831500 1.524800
vt -0.825500 1.510100
vt -0.825500 1.510700
vt -0.824400 1.512100
vt -0.824400 1.512600
vt -0.837200 1.509600
vt -0.837200 1.510600
vt -0.856500 1.507000
vt -0.856300 1.508400
vt -0.870800 1.508100
vt -0.870500 1.509600
vt -0.907700 1.510200
vt -0.889200 1.508500
vt -0.907700 1.509000
vt -0.888800 1.507400
vt -0.798000 1.552600
vt -0.742100 1.598800
vt -0.791200 1.594100
vt -1.573800 1.607700
vt -1.590700 1.606900
vt -0.843100 1.597300
vt -0.837700 1.595700
vt -0.843100 1.596700
vt -0.839800 1.595200
vt -0.839800 1.594700
vt -0.843600 1.597200
vt -0.839000 1.595200
vt -0.846000 1.589700
vt -0.842500 1.589200
vt -0.841400 1.596000
vt -0.840700 1.584000
vt -0.837700 1.584000
vt -0.840300 1.576800
vt -0.838000 1.577100
vt -0.836500 1.570900
vt -0.840400 1.563000
vt -0.834000 1.570800
vt -0.838400 1.562900
vt -0.833300 1.553200
vt -0.830600 1.552900
vt -0.832800 1.543400
vt -0.835700 1.543500
vt -0.829600 1.534200
vt -0.827300 1.534100
vt -0.828600 1.526400
vt -0.830900 1.526600
vt -0.824800 1.518800
vt -0.824300 1.516500
vt -0.834500 1.517200
vt -0.834200 1.515600
vt -0.848700 1.513800
vt -0.848400 1.515500
vt -0.868500 1.516800
vt -0.868400 1.515200
vt -0.891400 1.512900
vt -0.891700 1.514600
vt -0.826500 1.513100
vt 0.825300 1.025800
vt 0.786200 1.017600
vt 0.760900 1.086300
vt 0.755100 1.032300
vt 0.895400 1.027500
vt 0.879200 1.136400
vt 0.951100 1.043600
vt 0.992300 1.105100
vt -0.825800 1.518700
vt -0.200600 1.733800
vt -0.213800 1.718000
vt -0.193400 1.718000
vt -0.205900 1.718000
vt -0.198800 1.728700
vt -0.205900 1.729000
vt -0.218300 1.728800
vt -0.223600 1.713700
vt -0.238800 1.718000
vt -0.233400 1.741800
vt -0.238900 1.729800
vt -0.194800 1.730300
vt -0.238800 1.698900
vt -0.216900 1.672200
vt -0.242400 1.673100
vt -0.217400 1.671800
vt -0.242400 1.672500
vt -0.222500 1.649300
vt -0.242400 1.649400
vt -0.225500 1.654300
vt -0.242400 1.654200
vt -0.197400 1.652900
vt -0.195800 1.655300
vt -0.196200 1.648800
vt -0.195200 1.650600
vt -0.211600 1.668700
vt -0.242400 1.666800
vt -0.225500 1.669800
vt -0.242400 1.669700
vt -0.211600 1.669100
vt -0.209300 1.671100
vt -0.218500 1.669400
vt -0.206300 1.662900
vt 0.362800 1.714600
vt -0.273000 1.748200
vt -0.303100 1.747300
vt -1.421100 1.716100
vt -1.434000 1.725400
vt -1.421100 1.721400
vt -1.466200 1.732500
vt -1.486200 1.715300
vt -0.684700 1.567000
vt 0.751100 1.127100
vt 0.978600 1.192600
vt 0.983500 1.242900
vt 0.989100 1.138300
vt -0.217400 1.731400
vt -0.238900 1.732500
vt -0.227500 1.734900
vt -0.238800 1.735000
vt -0.205900 1.731500
vt -0.211100 1.734200
vt -0.200100 1.732500
vt -0.200100 1.731300
vt -1.553900 1.606200
vt -1.466200 1.732400
vt -0.121700 1.603000
vt -0.091800 1.605800
vt -0.118100 1.456100
vt -0.147700 1.451200
vt -0.966400 1.848400
vt -0.967000 1.814700
vt -0.989000 1.858400
vt -0.989000 1.815400
vt -0.954200 1.805000
vt -0.954200 1.841200
vt -0.948000 1.836800
vt -0.946700 1.804500
vt 0.555000 1.998700
vt 0.248000 1.999100
vt 0.555100 1.750800
vt 0.248000 1.750600
vt 0.650300 0.691800
vt -0.880200 1.985700
vt -0.222600 1.696200
vt -0.242400 1.665800
vt -0.193700 1.640200
vt -0.216100 1.638600
vt -0.242400 1.638200
vt -1.517000 1.573200
vt -0.861300 1.998700
vt -0.758000 1.751400
vt -0.862100 1.751400
vt -1.005800 1.998300
vt -1.199000 1.998200
vt -1.005800 1.752100
vt -1.199000 1.752400
vt 1.550800 1.751600
vt 1.550700 1.999900
vt 1.784700 1.751600
vt 1.784900 1.999900
vt 0.759600 1.184900
vt -0.277700 1.630000
vt -0.346300 1.630000
vt -0.350900 1.654300
vt 0.740300 0.753600
vt 0.631000 0.727000
vt 0.649100 0.753600
vt -1.594100 1.724600
vt -1.574200 1.657900
vt -1.594200 1.715600
vt -1.613100 1.699600
vt -1.613100 1.691200
vt -1.483700 1.715300
vt 1.077400 1.904600
vt 1.077400 1.902500
vt 0.228700 1.015300
vt -1.504500 1.459000
vt -1.503900 1.468700
vt -0.065500 1.601700
vt -0.035600 1.592600
vt 0.993300 1.043100
vt 1.005900 1.070500
vt 0.494700 1.014700
vt -0.907700 1.517000
vt -0.907700 1.515500
vt -0.185400 1.456000
vt -1.659800 1.513900
vt -1.661200 1.532000
vt -1.653000 1.529100
vt 0.746900 1.328100
vt 0.648500 0.630000
vt -1.622100 1.548100
vt -1.621400 1.559000
vt -1.606300 1.551800
vt -1.604000 1.563000
vt -1.597700 1.525700
vt -1.594800 1.524200
vt -1.595800 1.519200
vt -1.597400 1.529800
vt -1.595300 1.540500
vt -1.594500 1.538600
vt -1.596000 1.534600
vt 0.106000 1.162300
vt 0.047600 1.156600
vt 0.095600 1.215200
vt 0.060000 1.212700
vt -1.654800 1.553100
vt -1.668400 1.545500
vt -1.669100 1.554000
vt -1.604800 1.575400
vt -1.603100 1.569700
vt -1.660600 1.545200
vt -1.633700 1.548500
vt -1.641200 1.547500
vt -1.639900 1.548700
vt -1.652600 1.513000
vt -1.658900 1.496000
vt -1.610200 1.490900
vt -1.608900 1.482800
vt -1.631000 1.485400
vt -1.632600 1.480700
vt -1.625700 1.535000
vt -1.616800 1.540200
vt -1.604000 1.524500
vt -1.598700 1.536000
vt -1.645700 1.530200
vt -1.599600 1.511000
vt 0.051200 1.119400
vt -0.279900 1.528800
vt -0.284100 1.453100
vt -0.311900 1.457200
vt 0.625800 1.114200
vt 0.546600 1.003200
vt 0.669600 1.006100
vt 0.613400 1.013300
vt 0.723200 1.273300
vt 0.623900 1.254500
vt 0.726100 1.315000
vt 1.505700 1.586600
vt 1.543900 1.589700
vt 1.363000 1.563000
vt 1.358100 1.584700
vt 0.261000 1.686500
vt 0.270200 1.642000
vt -1.595900 1.531800
vt 0.112700 1.091700
vt 0.126400 1.034500
vt 0.092700 1.043400
vt -1.645600 1.455000
vt -1.632800 1.469500
vt -1.628300 1.457400
vt -1.652800 1.482100
vt -1.622500 1.474400
vt -1.648600 1.471200
vt -1.609500 1.470000
vt -1.608100 1.454700
vt -1.596800 1.478900
vt -0.213800 1.607900
vt 0.746100 1.075500
vt 0.716900 1.015500
vt 0.754800 1.048500
vt 0.743000 1.123900
vt 0.613800 1.415200
vt 0.745600 1.236700
vt -1.594500 1.530800
vt -1.605500 1.584100
vt -1.627100 1.575200
vt -1.624000 1.568300
vt -1.639000 1.549400
vt -1.631800 1.554400
vt -1.632600 1.555200
vt -1.621900 1.560000
vt -1.621100 1.563500
vt 0.043200 1.366600
vt 0.008100 1.407000
vt 0.069400 1.469300
vt 0.007700 1.456800
vt 0.149000 1.434100
vt 0.092600 1.370400
vt -1.658000 1.558700
vt -1.642700 1.562200
vt -1.635800 1.557000
vt -1.643500 1.553200
vt -1.648700 1.551400
vt -1.634000 1.543900
vt -1.629900 1.540800
vt -0.238800 1.743200
vt -0.233300 1.743800
vt 0.086700 1.866800
vt 0.071100 1.855900
vt 0.086800 1.854800
vt 0.071400 1.842900
vt -1.645000 1.491500
vt -1.648900 1.487800
vt -1.642200 1.532000
vt 0.128800 1.121700
vt -1.633200 1.556400
vt 0.038700 1.072800
vt -0.335100 1.561500
vt -0.338800 1.522700
vt -0.333900 1.467000
vt -0.331800 1.494600
vt 0.747200 1.423900
vt 0.712500 1.388900
vt 0.703200 1.423200
vt 0.655300 1.455100
vt 0.579000 1.459200
vt 0.024300 1.987500
vt 0.008100 1.977100
vt 0.024300 1.902400
vt 0.008100 1.888600
vt -1.625300 1.594900
vt -1.606300 1.594800
vt -1.606100 1.585600
vt -1.609300 1.563900
vt -1.597100 1.565600
vt 1.552500 1.531200
vt -1.672300 1.529000
vt 0.020000 1.494400
vt 0.080300 1.536300
vt 0.019300 1.522800
vt 0.139600 1.479500
vt 0.132500 1.529500
vt -1.607600 1.607700
vt -0.824900 1.513800
vt 0.771200 1.017100
vt 0.825300 1.025100
vt 0.754100 1.048000
vt 0.895400 1.027900
vt 0.336500 1.747000
vt 0.981500 1.249200
vt 0.989300 1.157200
vt -1.627500 1.606200
vt -0.279100 1.605800
vt -0.249200 1.603000
vt -0.252800 1.456100
vt -0.215300 1.451200
vt -0.006600 1.350700
vt 0.637700 0.753600
vt 0.716100 1.356700
vt 0.728800 1.163400
vt -1.670900 1.513100
vt 0.755000 1.017400
vt -0.824200 1.511700
vt 0.044300 1.044800
vt 0.951100 1.038000
vt -0.333700 1.592300
vt -0.305300 1.601700
vt 0.996600 1.045500
vt 1.005900 1.076300
vt 0.732700 1.219000
vt 1.357000 1.530000
vt 1.361100 1.530000
vt 0.281100 1.453400
vt 0.706400 1.457200
vt -0.445100 1.998700
vt -0.445100 1.751400
vt 1.489800 1.459400
vt 1.480600 1.506500
vt 1.442300 1.424300
vt 1.438700 1.475700
vt 1.383400 1.424300
vt 1.387000 1.475700
vt 1.335900 1.459400
vt 1.345100 1.506500
vt 1.317700 1.512300
vt 1.336600 1.559600
vt 1.489200 1.560000
vt 1.508000 1.512300
vt 1.459000 1.555300
vt 1.430500 1.535200
vt 1.395200 1.535200
vt 1.366700 1.555300
vt 1.356600 1.583400
vt 1.357600 1.588500
vt 1.468100 1.588500
vt 1.469100 1.583300
vt 1.434500 1.586200
vt 1.412800 1.570900
vt 1.390800 1.585800
vt 1.465000 1.572900
vt 1.443900 1.596300
vt 1.412700 1.599600
vt 1.412700 1.587700
vt 1.381800 1.596600
vt 1.360400 1.573900
vt 1.412700 1.603100
vt 1.382100 1.598200
vt 1.445400 1.598400
vt 0.488300 1.465400
vt 0.441500 1.435200
vt 0.479200 1.511900
vt 0.438000 1.485300
vt 0.383600 1.435200
vt 0.387000 1.485300
vt 0.336700 1.465400
vt 0.345800 1.511900
vt 0.318800 1.510800
vt 0.337900 1.557800
vt 0.506200 1.510800
vt 0.487100 1.557800
vt 0.458000 1.558600
vt 0.429900 1.541200
vt 0.395200 1.541200
vt 0.367100 1.558600
vt 0.358100 1.587400
vt 0.357100 1.583200
vt 0.467900 1.583100
vt 0.466900 1.587400
vt 0.433800 1.587000
vt 0.421300 1.573600
vt 0.403700 1.573600
vt 0.390800 1.586600
vt 0.378500 1.594700
vt 0.378100 1.595800
vt 0.448300 1.595100
vt 0.443100 1.596100
vt 0.440400 1.598900
vt 0.463900 1.573700
vt 0.418600 1.588800
vt 0.417100 1.599600
vt 0.406200 1.588200
vt 0.407700 1.599300
vt 0.381900 1.596400
vt 0.360900 1.574600
vt 0.407700 1.601600
vt 0.417000 1.601400
vt 0.407600 1.602700
vt 0.386200 1.600300
vt 0.386400 1.599100
vt 0.440500 1.600200
vt 0.417000 1.602800
vt 0.244800 1.824300
vt 0.255800 1.824300
vt 0.244800 1.804300
vt 0.255800 1.804200
vt 0.255800 1.823400
vt 0.244800 1.823600
vt 0.293600 1.829800
vt 0.293000 1.828500
vt 0.304200 1.810800
vt 0.294700 1.807700
vt 0.283700 1.825400
vt 0.283800 1.826400
vt 0.210100 1.828800
vt 0.209600 1.830100
vt 0.200400 1.810600
vt 0.219300 1.826300
vt 0.210000 1.808200
vt 0.219500 1.825400
vt 0.448800 1.596300
vt 0.040500 1.783800
vt 0.047900 1.794600
vt 0.038400 1.798900
vt 0.041800 1.803900
vt 0.031400 1.783800
vt 0.034200 1.798900
vt 0.024100 1.794600
vt 0.030800 1.803900
vt 0.021300 1.812000
vt 0.029500 1.812000
vt 0.024100 1.829400
vt 0.030800 1.820100
vt 0.031400 1.840200
vt 0.034200 1.825100
vt 0.040500 1.840200
vt 0.038400 1.825100
vt 0.047900 1.829400
vt 0.041800 1.820100
vt 0.050700 1.812000
vt 0.043100 1.812000
vt 0.041400 1.771500
vt 0.052000 1.786900
vt 0.028300 1.771500
vt 0.017800 1.786900
vt 0.013700 1.812000
vt 0.017800 1.837000
vt 0.028300 1.852500
vt 0.041400 1.852500
vt 0.052000 1.837000
vt 0.056000 1.812000
vt 0.049400 1.788600
vt 0.039500 1.774200
vt 0.027300 1.774200
vt 0.017500 1.788600
vt 0.017500 1.835400
vt 0.027300 1.849800
vt 0.039500 1.849800
vt 0.049400 1.835400
vt 0.053200 1.812000
vt 0.032800 1.787600
vt 0.044300 1.804400
vt 0.021300 1.804400
vt 0.022500 1.827100
vt 0.032800 1.836400
vt 0.043100 1.827100
vt 0.036800 1.809200
vt 0.032600 1.803000
vt 0.028300 1.809200
vt 0.028800 1.817500
vt 0.032600 1.821000
vt 0.036300 1.817500
vt 0.036400 1.812000
vt 0.906900 1.626200
vt 0.906900 1.688200
vt 0.966500 1.669000
vt 0.847200 1.669000
vt 0.853500 1.726500
vt 0.906900 1.748800
vt 0.960200 1.726500
vn 0.004800 0.184300 0.982900
vn -0.001900 0.479300 0.877600
vn -0.751700 0.188400 0.632000
vn -0.562900 0.672300 0.480800
vn -0.005400 0.999700 0.022700
vn 0.000000 -1.000000 -0.000000
vn 0.899600 0.132900 -0.416000
vn 0.784200 0.492200 -0.378000
vn 0.757500 0.155900 0.633900
vn 0.564500 0.665800 0.487900
vn 0.006100 -0.531300 -0.847200
vn 0.006100 -0.523700 -0.851900
vn -0.795000 -0.487700 -0.360900
vn -0.811800 -0.459800 -0.360000
vn 0.644500 -0.577600 0.501000
vn 0.102200 -0.547900 0.830300
vn 0.663000 -0.543200 0.515200
vn -0.082200 -0.548800 0.831900
vn -0.530800 -0.563500 0.633100
vn -0.775800 -0.503500 0.380400
vn -0.917900 0.000000 -0.396800
vn -0.150400 -0.004200 -0.988600
vn -0.947400 -0.000300 -0.319900
vn 0.158900 -0.002900 -0.987300
vn 0.967300 -0.001700 -0.253700
vn 0.501300 -0.003400 0.865300
vn 0.999900 -0.000900 -0.013700
vn 0.254700 -0.001200 0.967000
vn -0.729900 0.001900 0.683500
vn -0.802200 0.000600 0.597000
vn -0.900900 0.359800 -0.242600
vn -0.684600 0.550500 -0.477700
vn -0.086300 0.150900 -0.984800
vn 0.242700 0.642200 -0.727100
vn 0.755200 0.650700 -0.078900
vn 0.656100 0.737600 0.159700
vn 0.049700 0.998600 -0.015700
vn 0.224700 0.799000 0.557800
vn -0.599400 0.718800 0.352200
vn -0.749900 0.659400 -0.054200
vn -0.595800 -0.341300 -0.727000
vn 0.000400 -0.332000 -0.943300
vn 0.595800 -0.340100 -0.727500
vn 0.858900 0.386500 -0.335900
vn 0.943300 -0.330300 -0.032500
vn 0.653800 0.299400 0.694900
vn 0.002800 0.835700 0.549200
vn 0.000200 -0.048100 0.998800
vn -0.997200 0.067200 -0.032600
vn -0.940900 -0.336900 -0.034700
vn 0.000000 -0.982800 -0.184600
vn -0.000000 -0.962100 0.272700
vn -0.002800 -0.628900 0.777500
vn 0.945700 -0.254300 -0.202300
vn 0.925300 -0.374900 0.056700
vn 0.996700 0.074200 -0.031900
vn -0.137800 0.559400 -0.817300
vn -0.791300 0.566200 -0.230600
vn 0.200600 0.171600 -0.964500
vn -0.783400 0.174100 -0.596700
vn 0.994700 0.065700 -0.078500
vn 0.779500 -0.578900 -0.239400
vn 0.786900 -0.505900 -0.353300
vn 0.798400 -0.490900 -0.348800
vn 0.099300 -0.884300 0.456300
vn -0.369100 -0.906000 0.207300
vn -0.100400 -0.915100 0.390600
vn -0.370700 -0.928600 -0.018400
vn 0.405100 -0.908500 0.102000
vn 0.355000 -0.892700 0.277500
vn -0.328000 -0.908300 -0.259800
vn 0.309000 -0.917800 -0.249300
vn 0.323100 -0.912000 -0.252800
vn 0.059200 -0.891400 -0.449200
vn -0.094500 -0.917100 -0.387400
vn 0.990900 0.000000 0.134700
vn 0.999900 0.000000 -0.012400
vn 0.289900 0.000000 -0.957000
vn 0.158400 0.000000 -0.987400
vn -0.814500 0.000000 -0.580200
vn -0.914700 0.000000 -0.404000
vn -0.861600 0.000000 0.507600
vn -0.800600 0.000000 0.599200
vn 0.144100 0.000000 0.989600
vn 0.257600 0.000000 0.966300
vn -0.147000 0.003300 -0.989100
vn 0.448300 0.002900 -0.893900
vn 0.999400 0.032200 -0.011400
vn 0.990800 0.016700 0.134500
vn -0.915000 0.036600 -0.401800
vn -0.875800 0.017100 -0.482400
vn -0.893000 0.055300 0.446600
vn -0.007500 0.058700 0.998200
vn -0.800400 0.028000 0.598700
vn 0.255400 0.030700 0.966300
vn 0.000500 -0.522600 -0.852600
vn -0.779300 -0.579200 -0.239300
vn -0.651100 0.294800 0.699400
vn -0.595700 -0.207000 0.776100
vn 0.595100 -0.207400 0.776400
vn -0.921300 -0.385200 0.054000
vn -0.994300 0.069000 -0.081700
vn -0.017100 0.976900 -0.213100
vn -0.584900 0.802000 -0.121600
vn -0.943300 -0.265100 -0.199600
vn -0.995400 0.029900 0.091100
vn -0.939300 -0.258000 0.226000
vn -0.000000 -0.972400 0.233300
vn 0.000000 -0.999800 0.018500
vn 0.996200 0.022500 0.084300
vn 0.939100 -0.257900 0.227300
vn -0.000000 -0.825000 0.565200
vn 0.000000 -0.853700 0.520700
vn 0.000000 -0.726000 0.687700
vn -0.002600 -0.917400 0.398000
vn -0.002600 -0.596100 0.802900
vn -0.977400 -0.000100 -0.211200
vn -0.147500 0.000000 -0.989100
vn -0.814400 -0.000000 -0.580200
vn 0.449500 -0.000000 -0.893300
vn 0.967600 0.000000 -0.252400
vn 0.501900 -0.000000 0.864900
vn 0.973600 0.000100 0.228300
vn -0.004800 -0.000000 1.000000
vn -0.678800 -0.000100 0.734300
vn -0.895900 -0.000000 0.444200
vn 0.000600 -0.340400 0.940300
vn 0.579300 0.802400 -0.143300
vn -0.977400 0.000000 -0.211200
vn -0.147500 -0.000100 -0.989100
vn 0.967600 -0.000100 -0.252400
vn -0.678800 0.000000 0.734300
vn 0.057800 -0.275700 0.959500
vn -0.003500 0.480400 0.877000
vn -0.760600 -0.210300 0.614200
vn -0.566900 0.667300 0.483100
vn -0.001900 0.999700 0.023100
vn 0.675700 -0.131400 0.725400
vn 0.893400 -0.173200 -0.414500
vn 0.704000 0.574500 0.417700
vn 0.678200 0.656500 -0.330300
vn -0.006800 -0.192700 -0.981200
vn -0.006100 -0.523700 -0.851900
vn -0.790300 -0.181800 -0.585100
vn -0.848100 -0.495400 -0.187800
vn 0.668200 -0.528300 0.523800
vn -0.093200 -0.551200 0.829100
vn -0.647100 -0.577100 0.498300
vn -0.990400 -0.000000 0.137900
vn -0.999900 -0.002500 -0.013200
vn -0.287300 -0.002300 -0.957800
vn -0.154800 -0.006700 -0.987900
vn 0.859200 0.001900 0.511600
vn 0.799700 0.000600 0.600400
vn -0.140700 -0.000700 0.990000
vn -0.250400 -0.006500 0.968100
vn 0.086000 0.150800 -0.984800
vn -0.859200 0.385400 -0.336600
vn -0.242700 0.640700 -0.728400
vn -0.655500 0.738100 0.159700
vn 0.757000 0.650200 -0.064800
vn 0.600500 0.718100 0.351700
vn -0.074400 0.997100 -0.014900
vn -0.221400 0.799700 0.558100
vn -0.749700 0.658400 -0.067800
vn -0.595800 -0.340100 -0.727500
vn -0.000400 -0.332000 -0.943300
vn 0.595800 -0.341300 -0.727000
vn 0.901200 0.358500 -0.243400
vn 0.940900 -0.336900 -0.034700
vn 0.653900 0.300000 0.694600
vn -0.000200 -0.048100 0.998800
vn -0.996700 0.074200 -0.031900
vn -0.943300 -0.330300 -0.032500
vn -0.000000 -0.982700 -0.185300
vn -0.000000 -0.983100 -0.183100
vn 0.943300 -0.265100 -0.199600
vn 0.920100 -0.387800 0.054800
vn 0.997200 0.067200 -0.032600
vn -0.003800 0.501700 -0.865100
vn -0.797500 0.557000 -0.231700
vn 0.995200 0.057500 -0.078600
vn 0.778000 -0.581400 -0.238000
vn 0.811800 -0.459800 -0.360000
vn -0.407500 -0.907500 0.101400
vn -0.355700 -0.892500 0.277300
vn -0.098400 -0.884100 0.456900
vn 0.101600 -0.914500 0.391600
vn 0.370300 -0.905300 0.208200
vn 0.371700 -0.928200 -0.018500
vn -0.309900 -0.917400 -0.249700
vn -0.324300 -0.911200 -0.253900
vn -0.058900 -0.891400 -0.449500
vn 0.328800 -0.907600 -0.261000
vn 0.094400 -0.916700 -0.388300
vn 0.815900 -0.002100 -0.578200
vn 0.915000 0.000800 -0.403500
vn 0.978000 0.000000 -0.208500
vn 0.812900 0.000000 -0.582400
vn -0.025300 0.000000 -0.999700
vn -0.158000 0.000000 -0.987400
vn -0.999900 0.000000 -0.011500
vn -0.987000 0.000000 -0.160600
vn 0.727400 0.000000 0.686200
vn 0.798100 0.000000 0.602600
vn -0.363500 0.000000 0.931600
vn -0.254500 0.000000 0.967100
vn 0.913500 0.028600 -0.405800
vn 0.144900 0.001200 -0.989400
vn 0.946800 0.016300 -0.321500
vn -0.157000 0.002900 -0.987600
vn -0.999400 0.032400 -0.010500
vn -0.986800 0.016700 -0.160900
vn 0.892400 0.056700 0.447800
vn 0.675700 0.029800 0.736500
vn 0.006900 0.060000 0.998200
vn -0.494600 0.029700 0.868600
vn 0.683900 0.549600 -0.479800
vn -0.000500 -0.522600 -0.852600
vn -0.779700 -0.578400 -0.239700
vn -0.651000 0.294200 0.699700
vn -0.595100 -0.207400 0.776400
vn 0.595700 -0.207000 0.776100
vn -0.925600 -0.374300 0.056500
vn -0.994500 0.068400 -0.079300
vn -0.584900 0.801800 -0.122200
vn -0.945800 -0.254300 -0.202300
vn -0.995600 0.029800 0.088800
vn -0.939100 -0.257800 0.227300
vn 0.996000 0.022700 0.086700
vn 0.939300 -0.258000 0.226000
vn -0.972500 -0.000100 0.232800
vn -0.445800 -0.000100 -0.895100
vn -0.966900 -0.000000 -0.255100
vn 0.144200 -0.000000 -0.989500
vn 0.893700 0.000000 0.448700
vn 0.005100 0.000000 1.000000
vn 0.676300 -0.000000 0.736600
vn -0.496800 -0.000000 0.867900
vn 0.812900 -0.000100 -0.582400
vn -0.000600 -0.340400 0.940300
vn 0.579300 0.802500 -0.142600
vn 0.914800 0.000000 -0.404000
vn -0.972500 0.000000 0.232800
vn -0.445800 -0.000000 -0.895100
vn -0.116600 0.068800 0.990800
vn -0.396300 0.465600 0.791300
vn 0.056600 0.124300 0.990600
vn 0.988000 -0.146600 0.048400
vn 0.988600 -0.071900 0.132000
vn 0.996400 -0.084400 0.006700
vn 0.985900 -0.136500 -0.097400
vn 0.992500 -0.121000 -0.016200
vn 0.999800 0.019000 0.006500
vn 0.999100 0.000000 0.043300
vn 0.999500 0.028600 0.009800
vn 0.242800 0.225000 0.943600
vn 0.221800 0.453500 0.863200
vn 0.306700 0.481600 0.821000
vn 0.198700 0.589200 0.783100
vn 0.931000 0.100100 0.351000
vn 0.713100 0.697200 0.073200
vn 0.553600 0.266100 0.789200
vn 0.368300 0.428100 0.825300
vn 0.005300 0.156600 0.987700
vn 0.000500 0.644600 0.764500
vn 0.995100 -0.095100 -0.025700
vn 0.992900 -0.086700 0.082000
vn 0.000200 -0.011800 -0.999900
vn 0.000600 -0.023600 -0.999700
vn 0.003700 -0.007800 -1.000000
vn 0.791300 -0.588600 0.165400
vn 0.520500 -0.822400 0.229600
vn 0.053100 -0.974100 0.219800
vn 0.091500 -0.957000 0.275400
vn 0.998600 -0.052100 -0.006400
vn 0.159300 0.368900 0.915700
vn 0.082000 0.090600 0.992500
vn 0.068600 0.275900 0.958700
vn -0.378000 -0.176100 0.908900
vn 0.040300 -0.147000 0.988300
vn 0.123800 -0.001100 0.992300
vn 0.397000 -0.126900 0.909000
vn 0.038400 0.102400 0.994000
vn -0.056500 0.688300 0.723200
vn 0.000000 0.407100 0.913400
vn -0.000000 0.702000 0.712200
vn 0.371900 -0.016100 0.928200
vn 0.487400 0.421300 0.764800
vn 0.252900 0.561200 0.788100
vn 0.344600 -0.195800 0.918100
vn 0.048200 -0.353800 0.934100
vn -0.584600 -0.770700 0.253500
vn -0.487000 -0.820600 0.299200
vn 0.081600 -0.989600 -0.118400
vn 0.232700 -0.970600 -0.061600
vn 0.196100 -0.977700 0.074800
vn -0.456000 0.106000 0.883700
vn -0.178100 -0.097600 0.979200
vn 0.284300 -0.405900 0.868600
vn -0.036600 -0.729100 0.683500
vn 0.142400 -0.570900 0.808600
vn -0.056100 -0.724000 0.687600
vn 0.002800 -0.214900 0.976600
vn -0.120700 0.690800 0.712900
vn 0.249600 0.396300 0.883500
vn 0.104000 0.383500 0.917700
vn 0.589900 0.617500 0.520300
vn -0.471800 0.854000 -0.219100
vn -0.505200 0.814600 0.284900
vn -0.376200 0.691100 0.617100
vn 0.298800 0.005600 0.954300
vn 0.000000 0.000000 1.000000
vn 0.000000 0.264300 0.964400
vn 0.000000 -0.002700 1.000000
vn 0.189800 0.183400 0.964500
vn 0.183800 0.035200 0.982300
vn -0.007000 0.205600 0.978600
vn 0.043000 0.031300 0.998600
vn 0.089900 0.073300 0.993300
vn -0.000000 0.523400 0.852100
vn 0.000000 0.605100 0.796200
vn 0.125000 0.086600 0.988400
vn 0.225900 0.013600 0.974000
vn 0.020000 0.990500 -0.136300
vn 0.064600 0.996800 -0.048100
vn 0.000100 0.998400 -0.056200
vn -0.001400 -0.195700 -0.980700
vn 0.040600 -0.201100 -0.978700
vn 0.046900 -0.203300 -0.978000
vn 0.031800 -0.181700 -0.982800
vn 0.031700 -0.218000 -0.975400
vn 0.105700 -0.127000 -0.986300
vn 0.028500 -0.104900 -0.994100
vn 0.022200 -0.142000 -0.989600
vn 0.984300 -0.175800 -0.012000
vn 0.999900 0.013900 -0.000800
vn 0.998400 0.052400 -0.022600
vn 0.992000 -0.116000 0.050600
vn 0.983300 0.165500 0.075600
vn 0.743100 0.664400 -0.080100
vn 0.791000 0.611400 0.023400
vn 0.788300 0.603500 -0.119800
vn 0.798000 0.592400 -0.110900
vn 0.998900 0.017900 0.043400
vn -0.476100 -0.018700 0.879200
vn -0.007300 0.221900 0.975000
vn -0.310300 0.705600 0.637100
vn -0.685200 0.400600 0.608200
vn -0.449900 0.878000 0.163500
vn 0.000000 0.723400 0.690400
vn 0.032400 -0.840800 0.540400
vn 0.641100 -0.494900 0.586500
vn -0.000000 -0.081700 0.996700
vn 0.084700 0.004000 0.996400
vn 0.039700 0.023400 0.998900
vn 0.005700 0.027900 0.999600
vn 0.060500 0.146000 0.987400
vn 0.023200 0.058500 0.998000
vn -0.067800 -0.223600 0.972300
vn -0.028900 -0.255000 0.966500
vn -0.000000 -0.068700 0.997600
vn -0.033100 -0.040700 0.998600
vn -0.005800 -0.070700 0.997500
vn 0.055900 -0.020200 0.998200
vn -0.001500 -0.189100 0.982000
vn 0.000000 0.998800 0.049400
vn 0.010900 0.992200 -0.124300
vn -0.004300 0.994500 -0.104500
vn 0.000800 0.986200 -0.165400
vn 0.030600 -0.204100 -0.978500
vn 0.052700 -0.202900 -0.977800
vn -0.026000 -0.211300 -0.977100
vn 0.036200 -0.209800 -0.977100
vn 0.012400 -0.116000 -0.993200
vn -0.037500 -0.111600 -0.993000
vn -0.008900 -0.064000 -0.997900
vn -0.000700 -0.168400 -0.985700
vn -0.004000 -0.069100 -0.997600
vn 0.576400 0.676400 -0.458500
vn 0.734600 0.670800 -0.101600
vn 0.819900 0.527500 -0.222500
vn 0.766800 0.600500 -0.226900
vn 0.988000 -0.079300 -0.132600
vn 0.986700 -0.134300 -0.091200
vn 0.528800 0.801600 -0.278900
vn 0.000000 0.948400 -0.317200
vn 0.000000 0.963700 -0.266900
vn -0.077400 -0.159600 0.984100
vn 0.205900 0.393200 0.896100
vn 0.045700 -0.247800 0.967700
vn -0.000000 -0.285800 0.958300
vn 0.144100 -0.147300 0.978500
vn 0.202800 0.085500 0.975500
vn -0.663600 -0.236100 0.709900
vn -0.376400 -0.456700 0.806100
vn -0.036300 -0.613100 0.789100
vn 0.303800 0.245100 0.920700
vn 0.318600 0.138000 0.937800
vn 0.566200 -0.471900 0.675900
vn 0.570100 -0.589700 0.572100
vn 0.459900 -0.767300 0.447000
vn 0.345800 -0.903100 0.254600
vn 0.039600 0.520900 0.852700
vn 0.047300 -0.032300 0.998400
vn 0.017300 -0.017700 0.999700
vn 0.051900 0.069900 0.996200
vn -0.043700 -0.064500 0.997000
vn 0.039200 0.019100 0.999000
vn -0.011400 0.014900 0.999800
vn 0.018800 -0.098300 0.995000
vn 0.053200 0.905600 0.420800
vn -0.030100 -0.281500 0.959100
vn 0.245300 -0.381100 0.891400
vn -0.566600 -0.696800 0.439900
vn -0.365100 -0.378200 0.850600
vn -0.642300 -0.213000 0.736300
vn -0.072900 -0.471700 0.878700
vn 0.143600 -0.925700 0.350000
vn 0.147500 -0.953300 0.263500
vn 0.150200 -0.973100 0.174900
vn -0.363200 -0.404700 0.839300
vn -0.251800 -0.562600 0.787500
vn -0.243800 0.043600 0.968900
vn -0.154900 -0.086100 0.984200
vn 0.008400 0.050000 0.998700
vn 0.015700 -0.176600 0.984200
vn 0.166000 -0.101500 0.980900
vn 0.238800 0.047000 0.969900
vn 0.162900 0.202300 0.965700
vn 0.022500 0.280200 0.959700
vn -0.142100 0.181000 0.973200
vn -0.020200 0.547900 0.836300
vn 0.590100 -0.436700 0.679100
vn 0.075800 -0.245600 0.966400
vn 0.033300 -0.070000 0.997000
vn -0.010400 0.107900 0.994100
vn 0.000900 0.992200 -0.124800
vn -0.049800 0.984900 -0.166000
vn -0.027800 0.999600 -0.002500
vn 0.004200 0.989100 -0.147000
vn 0.995600 0.066700 -0.065700
vn 0.996700 -0.046500 0.066100
vn -0.061700 -0.064100 -0.996000
vn -0.043900 -0.081400 -0.995700
vn -0.000000 0.394900 0.918700
vn 0.016700 0.032900 -0.999300
vn -0.017700 0.009200 -0.999800
vn 0.002100 -0.001400 -1.000000
vn -0.150000 -0.134800 -0.979400
vn -0.149600 -0.134300 -0.979600
vn -0.149600 -0.134200 -0.979600
vn -0.149100 -0.133600 -0.979800
vn 0.978300 0.149900 -0.143400
vn 0.979100 0.153100 -0.133900
vn 0.979800 0.156400 -0.124300
vn 0.144400 0.122000 0.982000
vn 0.133000 0.133000 0.982100
vn 0.132900 0.133200 0.982100
vn 0.121500 0.144100 0.982100
vn -0.996900 -0.067400 0.039700
vn -0.997100 -0.070700 0.028400
vn -0.997100 -0.073900 0.017100
vn -0.613300 -0.531800 0.584000
vn 0.428700 -0.630600 0.646900
vn 0.044600 0.028700 0.998600
vn 0.018800 -0.008700 0.999800
vn 0.009600 -0.024600 0.999600
vn 0.000000 -0.028400 0.999600
vn 0.000000 -0.011400 0.999900
vn 0.099400 0.014700 0.994900
vn 0.039500 0.123500 0.991600
vn -0.021100 0.230400 0.972900
vn 0.110500 -0.986600 0.120400
vn 0.176600 -0.966000 0.189000
vn 0.030800 -0.994600 0.098700
vn 0.000000 -0.996400 0.084900
vn 0.003600 -0.667200 0.744900
vn 0.002200 -0.483800 0.875200
vn -0.006600 -0.573100 0.819400
vn 0.021200 -0.463900 0.885600
vn 0.983800 -0.173000 -0.046100
vn 0.998900 0.047500 0.005300
vn -0.000000 -0.707100 0.707100
vn 0.000000 -0.640100 0.768300
vn 0.001700 -0.664600 0.747200
vn -0.006900 -0.661700 0.749800
vn 0.017900 -0.099800 -0.994800
vn 0.020600 -0.772000 -0.635300
vn 0.013400 -0.742200 -0.670100
vn 0.024800 -0.747800 -0.663500
vn 0.037000 -0.801900 -0.596300
vn 0.012200 -0.714600 -0.699400
vn 0.012700 -0.604300 -0.796600
vn 0.558900 -0.252100 0.790000
vn 0.591300 -0.637600 0.493800
vn -0.720600 -0.064000 0.690400
vn -0.208600 -0.686700 0.696400
vn -0.421500 0.641900 0.640500
vn -0.234200 -0.333100 0.913300
vn -0.000000 -0.545300 0.838300
vn -0.152700 -0.417700 0.895700
vn 0.000000 -0.560900 0.827900
vn 0.000000 0.539000 0.842300
vn 0.716700 0.139600 0.683300
vn 0.639900 -0.352900 0.682600
vn 0.447600 0.037300 0.893400
vn 0.721900 0.264500 0.639400
vn 0.687100 0.253700 0.680900
vn 0.534400 0.272700 0.800000
vn 0.034600 0.062600 0.997400
vn 0.138000 0.138200 0.980700
vn 0.000000 0.097700 0.995200
vn 0.656100 -0.039300 0.753600
vn 0.559100 -0.309600 0.769100
vn 0.000000 -0.611400 0.791400
vn 0.000000 -0.588200 0.808700
vn 0.814500 -0.546200 0.195600
vn 0.801500 -0.110600 0.587700
vn 0.723200 -0.311000 0.616600
vn 0.727500 -0.183500 0.661100
vn 0.744100 -0.198500 0.637900
vn 0.773200 -0.076400 0.629600
vn 0.765700 -0.072600 0.639100
vn 0.757500 -0.060600 0.650000
vn 0.801100 -0.060100 0.595400
vn 0.807400 -0.060800 0.586900
vn 0.879400 -0.073000 0.470400
vn 0.750200 -0.086500 0.655500
vn 0.706000 0.117200 0.698400
vn 0.748400 0.101500 0.655400
vn 0.725900 -0.083600 0.682700
vn 0.653600 -0.035200 0.756000
vn 0.598000 -0.015800 0.801300
vn 0.640900 -0.026600 0.767100
vn 0.716600 -0.039500 0.696400
vn 0.432200 0.828100 0.357000
vn 0.372500 0.616200 0.693900
vn 0.707000 0.669300 0.228400
vn 0.719600 -0.007500 0.694400
vn 0.098900 0.839100 0.535000
vn 0.176500 0.813300 0.554500
vn 0.035500 0.781900 0.622400
vn 0.027600 0.754600 0.655600
vn 0.037100 0.775000 0.630900
vn 0.040900 0.786900 0.615800
vn -0.014400 0.702300 0.711800
vn -0.024600 0.781600 0.623300
vn -0.013900 0.742400 0.669800
vn 0.122900 0.803400 0.582600
vn 0.036900 0.027400 0.998900
vn 0.038400 0.037100 0.998600
vn 0.045100 0.046300 0.997900
vn 0.007500 -0.045400 0.998900
vn 0.000000 -0.013200 0.999900
vn 0.478100 -0.878300 -0.000300
vn 0.534100 -0.845400 0.001300
vn 0.593500 -0.804800 0.009200
vn 0.595400 -0.803000 0.026800
vn 0.575300 -0.814900 -0.070800
vn 0.593400 -0.803700 -0.044100
vn 0.553400 -0.721100 -0.416800
vn 0.785600 -0.561400 -0.260300
vn 0.666200 -0.369700 -0.647700
vn 0.731900 -0.143700 -0.666100
vn 0.504900 -0.415700 -0.756500
vn 0.641400 -0.111000 -0.759100
vn 0.650100 -0.373500 -0.661700
vn 0.615100 -0.231700 -0.753700
vn 0.624400 -0.057000 -0.779000
vn 0.651500 -0.143600 -0.744900
vn 0.618500 -0.134700 -0.774100
vn 0.608300 -0.146400 -0.780100
vn 0.571600 -0.139500 -0.808600
vn 0.639000 -0.015700 -0.769000
vn 0.653200 -0.207300 -0.728200
vn 0.607000 -0.120500 -0.785500
vn 0.522900 -0.110300 -0.845200
vn 0.616600 -0.294800 -0.730000
vn 0.699100 -0.178100 -0.692500
vn 0.739100 -0.199500 -0.643400
vn 0.730000 -0.204800 -0.652100
vn 0.753400 -0.176500 -0.633500
vn 0.532300 0.340400 -0.775100
vn 0.126100 0.474000 -0.871500
vn 0.074200 0.498600 -0.863700
vn 0.000800 0.514300 -0.857600
vn 0.009200 0.544500 -0.838700
vn 0.033800 0.589200 -0.807300
vn 0.017500 0.536700 -0.843600
vn 0.030000 0.667200 -0.744200
vn 0.046300 0.712700 -0.700000
vn 0.741500 -0.127500 0.658700
vn 0.982400 -0.178800 0.054000
vn 0.981400 -0.191800 0.006700
vn 0.993500 -0.111400 -0.022100
vn 0.979800 -0.193200 0.051400
vn 0.973700 -0.226600 0.023400
vn 0.990700 -0.136200 -0.002900
vn 0.984200 -0.176300 0.015700
vn 0.991900 -0.109800 0.063500
vn 0.670600 -0.266600 -0.692300
vn 0.427300 -0.874500 -0.229500
vn 0.057300 -0.998100 0.022800
vn -0.831900 0.554700 0.016600
vn -0.296400 0.950900 -0.089100
vn -0.485000 0.819500 -0.305300
vn -0.276400 0.952100 -0.130700
vn -0.142800 0.988200 -0.055700
vn -0.210300 0.973900 -0.085400
vn -0.000600 -0.992500 -0.121900
vn -0.004800 -0.997000 -0.077600
vn -0.000000 0.998500 -0.053900
vn 0.000000 0.999600 -0.027800
vn -0.862100 0.157300 -0.481800
vn -0.000400 -0.950300 0.311200
vn 0.450100 0.399400 0.798700
vn -0.000000 0.272700 0.962100
vn 0.351200 -0.610300 0.710100
vn 0.000000 -0.899400 0.437000
vn 0.012400 0.978500 -0.205800
vn -0.000000 0.976200 -0.216800
vn -0.027700 0.991200 -0.129300
vn 0.000000 0.993400 -0.115000
vn 0.374700 0.925600 0.053400
vn 0.946600 -0.062800 0.316100
vn 0.627100 0.761000 -0.166200
vn 0.969800 -0.176600 0.168300
vn 0.279500 -0.891100 0.357600
vn -0.000000 -0.967000 0.254600
vn 0.000000 -0.923400 0.383900
vn 0.035700 0.994200 0.101500
vn -0.023900 0.999700 -0.001000
vn 0.000000 0.997700 0.067400
vn -0.000000 0.999700 -0.024200
vn 0.404200 0.854600 0.326000
vn 0.820000 0.041700 0.570900
vn 0.118400 0.905600 0.407300
vn 0.000000 0.954100 0.299500
vn 0.512700 -0.809500 0.286000
vn 0.480600 -0.109000 0.870100
vn -0.000000 -0.092800 -0.995700
vn -0.008800 -0.083800 -0.996400
vn -0.026300 -0.083000 -0.996200
vn 0.000000 -0.067100 -0.997700
vn 0.000000 -0.077900 -0.997000
vn 0.000000 -0.063900 -0.998000
vn -0.025600 -0.325700 0.945100
vn 0.990400 -0.085100 -0.109100
vn 0.994600 -0.089200 0.053000
vn 0.995600 -0.069200 0.063900
vn 0.988400 -0.130700 0.078000
vn -0.198100 0.677200 -0.708600
vn 0.000000 0.571500 -0.820600
vn -0.063000 0.578400 -0.813300
vn 0.000000 0.541900 -0.840400
vn -0.426600 0.763500 -0.484900
vn -0.332000 0.732100 -0.594800
vn -0.517300 0.711100 -0.476200
vn -0.658600 0.650600 -0.378200
vn 0.021100 -0.000300 0.999800
vn -0.000000 0.055100 0.998500
vn 0.000000 0.053200 0.998600
vn -0.046200 0.067300 0.996700
vn 0.006600 -0.076900 -0.997000
vn 0.012800 0.981700 -0.189800
vn 0.025700 0.977700 -0.208400
vn 0.030800 0.998200 -0.051300
vn -0.000600 0.997000 -0.077000
vn -0.152200 0.987900 0.030400
vn -0.157300 0.987400 0.015200
vn 0.000000 1.000000 0.008500
vn -0.000000 1.000000 0.000000
vn -0.275000 0.961400 -0.011200
vn -0.251700 0.967700 0.014600
vn -0.294300 0.955600 -0.016800
vn -0.289500 0.956600 -0.033500
vn 0.158000 -0.000000 0.987400
vn 0.250800 0.231500 0.940000
vn 0.000000 0.000000 -1.000000
vn -0.189500 0.000000 -0.981900
vn -0.370100 0.157900 -0.915500
vn 0.084600 0.686900 0.721800
vn 0.135200 0.552900 0.822200
vn -0.345100 0.358700 -0.867300
vn -0.364200 0.263800 -0.893200
vn 0.033000 0.997900 -0.056400
vn 0.046900 0.995200 -0.085400
vn 0.060900 0.991600 -0.114200
vn -0.210700 0.323200 -0.922600
vn -0.188600 0.288400 -0.938700
vn -0.080600 0.695600 0.713900
vn -0.087400 0.700100 0.708700
vn 0.999300 0.038100 0.000000
vn -0.477100 -0.098600 0.873300
vn -0.209700 -0.367300 0.906200
vn -0.000000 -0.928700 0.370800
vn 0.975900 0.103900 -0.191900
vn 0.209900 0.891400 -0.401700
vn 0.000000 0.965900 -0.258900
vn 0.078800 -0.156400 0.984500
vn 1.000000 0.000000 0.000000
vn 0.990900 -0.067900 -0.116600
vn 0.999800 0.019000 -0.006500
vn 0.999500 0.028600 -0.009800
vn 0.999100 0.000000 -0.043300
vn 0.015800 0.030100 0.999400
vn 0.051300 0.039200 0.997900
vn 0.003700 0.035400 0.999400
vn 0.000000 0.033400 0.999400
vn -0.000000 0.045900 0.998900
vn 0.000000 0.061900 0.998100
vn 0.000000 0.088400 0.996100
vn 0.002200 -0.159700 -0.987200
vn -0.072500 0.012600 0.997300
vn 0.082500 0.976100 -0.200900
vn -0.022900 0.971700 -0.235200
vn 0.988300 -0.128700 0.081700
vn 0.984300 -0.153800 0.087000
vn 0.001700 -0.194700 -0.980900
vn 0.022900 0.682500 -0.730500
vn 0.025000 0.695800 -0.717800
vn 0.023400 0.984100 -0.176100
vn 0.203400 0.126100 0.970900
vn -0.072300 0.114100 0.990800
vn 0.377500 0.485800 0.788300
vn -0.988000 -0.146600 0.048400
vn -0.996700 -0.081500 0.001700
vn -0.988600 -0.071900 0.132000
vn -0.991800 -0.127100 -0.014600
vn -0.984800 -0.127700 -0.117800
vn -0.985600 -0.130600 -0.107800
vn -0.993800 -0.108500 -0.023200
vn -0.999800 0.019000 0.006500
vn -0.999500 0.028600 0.009800
vn -0.999100 0.000000 0.043300
vn -0.242700 0.225400 0.943600
vn -0.306700 0.481600 0.821000
vn -0.221800 0.453500 0.863200
vn -0.198700 0.589200 0.783100
vn -0.931000 0.100100 0.351000
vn -0.553600 0.266100 0.789200
vn -0.713100 0.697200 0.073200
vn -0.364100 0.426900 0.827700
vn -0.003300 -0.007900 -1.000000
vn -0.806600 -0.578600 0.121100
vn -0.490000 -0.840900 0.229700
vn -0.999500 -0.027200 -0.012900
vn -0.068900 0.037700 0.996900
vn -0.043000 0.031300 0.998600
vn -0.065000 -0.046600 0.996800
vn -0.146700 -0.141200 0.979100
vn -0.049400 -0.153000 0.987000
vn -0.390600 -0.147400 0.908700
vn -0.168500 0.061400 0.983800
vn -0.036200 0.133800 0.990400
vn 0.043100 0.690500 0.722000
vn -0.371900 -0.016100 0.928200
vn -0.252900 0.561200 0.788100
vn -0.487400 0.421300 0.764800
vn -0.335700 -0.207300 0.918900
vn -0.050400 -0.351900 0.934700
vn 0.485000 -0.820500 0.302500
vn 0.583400 -0.770900 0.255600
vn -0.082700 -0.990000 -0.114400
vn -0.196100 -0.977700 0.074800
vn -0.238500 -0.970100 -0.044800
vn 0.448000 0.104400 0.887900
vn 0.410200 -0.224700 0.883900
vn -0.282100 -0.401300 0.871400
vn -0.142100 -0.569300 0.809700
vn 0.036200 -0.727300 0.685400
vn 0.056000 -0.723900 0.687700
vn 0.121100 0.690200 0.713400
vn -0.104000 0.382900 0.917900
vn -0.244800 0.393400 0.886200
vn -0.589300 0.616900 0.521700
vn 0.509000 0.835300 0.207800
vn -0.287700 0.004900 0.957700
vn 0.007000 0.205600 0.978600
vn -0.091400 -0.023700 0.995500
vn -0.023000 0.991800 -0.125900
vn -0.030500 0.998500 -0.045600
vn -0.093700 0.991200 -0.093200
vn -0.042300 -0.210000 -0.976800
vn -0.016800 -0.206100 -0.978400
vn -0.038000 -0.249500 -0.967600
vn -0.020000 -0.192600 -0.981100
vn -0.099800 -0.130200 -0.986500
vn -0.024300 -0.145300 -0.989100
vn -0.023600 -0.105400 -0.994100
vn -0.981000 -0.193400 -0.012800
vn -0.999500 -0.001100 -0.031100
vn -0.999600 0.011200 -0.025300
vn -0.984100 -0.167700 0.058100
vn -0.994600 0.069500 0.076700
vn -0.739300 0.671200 -0.054500
vn -0.787100 0.603500 -0.127600
vn -0.789600 0.613300 0.017900
vn -0.798200 0.589900 -0.121700
vn -0.987900 -0.149600 -0.041000
vn -0.996100 0.068500 0.055800
vn -0.987700 0.156400 0.000300
vn 0.476100 -0.019100 0.879200
vn 0.274300 0.653900 0.705100
vn 0.007300 0.221900 0.975000
vn 0.660200 0.344700 0.667300
vn 0.386600 0.818000 0.426000
vn -0.650000 -0.472900 0.594800
vn -0.108200 -0.032700 0.993600
vn -0.151300 0.033900 0.987900
vn -0.060800 0.097700 0.993400
vn 0.080800 0.036300 0.996100
vn -0.009200 0.072600 0.997300
vn -0.018800 0.164600 0.986200
vn 0.129200 -0.282100 0.950600
vn 0.028900 -0.255000 0.966500
vn -0.020700 0.024800 0.999500
vn 0.029400 -0.027100 0.999200
vn -0.044300 0.012100 0.998900
vn 0.001500 -0.189100 0.982000
vn 0.012900 0.988700 -0.149300
vn -0.074700 -0.231900 -0.969900
vn -0.077400 -0.280500 -0.956700
vn -0.071500 -0.281800 -0.956800
vn -0.016500 -0.234200 -0.972100
vn 0.009900 -0.058000 -0.998300
vn -0.751300 0.631800 -0.190900
vn -0.590100 0.643100 -0.488100
vn -0.774700 0.604300 -0.186000
vn -0.841500 0.391900 -0.371800
vn -0.986600 -0.121200 -0.108800
vn -0.528800 0.801600 -0.278900
vn -0.039800 -0.247300 0.968100
vn -0.141500 -0.143300 0.979500
vn -0.154400 0.236100 0.959400
vn 0.665700 -0.234000 0.708600
vn 0.375700 -0.457100 0.806200
vn 0.031900 -0.614600 0.788200
vn -0.317800 0.139200 0.937900
vn -0.303700 0.245800 0.920500
vn -0.566200 -0.471900 0.675900
vn -0.459900 -0.767300 0.447000
vn -0.570100 -0.589700 0.572100
vn -0.345800 -0.903100 0.254600
vn -0.003200 0.576200 0.817300
vn -0.066200 -0.064800 0.995700
vn -0.093100 -0.025500 0.995300
vn -0.051300 -0.022900 0.998400
vn -0.025700 -0.095900 0.995100
vn -0.038700 0.019100 0.999100
vn 0.011900 0.014800 0.999800
vn -0.006800 -0.071700 0.997400
vn -0.101300 0.862700 0.495400
vn -0.081400 0.091700 0.992500
vn -0.147100 0.345200 0.926900
vn 0.378700 -0.175600 0.908700
vn 0.567000 -0.695000 0.442100
vn -0.066100 0.276200 0.958800
vn 0.030400 -0.281700 0.959000
vn 0.365300 -0.378900 0.850300
vn 0.642000 -0.213700 0.736400
vn 0.077100 -0.158100 0.984400
vn 0.400700 0.688500 0.604500
vn 0.073500 -0.471600 0.878700
vn 0.000000 -0.998100 0.062400
vn 0.006400 -0.992200 -0.124300
vn -0.143600 -0.925700 0.350000
vn -0.147500 -0.953300 0.263500
vn -0.150200 -0.973100 0.174900
vn 0.360100 -0.399500 0.843000
vn 0.251100 -0.560500 0.789200
vn 0.246100 0.043500 0.968300
vn -0.008500 0.050100 0.998700
vn 0.156400 -0.086000 0.983900
vn -0.016000 -0.176600 0.984200
vn -0.167500 -0.101400 0.980600
vn -0.240900 0.047400 0.969400
vn -0.022700 0.280200 0.959700
vn -0.164400 0.202700 0.965300
vn 0.430900 0.813700 -0.390100
vn 0.143500 0.180800 0.973000
vn -0.113500 -0.044100 0.992600
vn 0.006600 0.523700 0.851900
vn -0.590100 -0.436700 0.679100
vn -0.041400 0.014500 0.999000
vn -0.010200 0.992300 -0.123200
vn 0.026700 0.992900 -0.115800
vn -0.017300 0.992900 -0.117300
vn -0.005000 0.986500 -0.163800
vn -0.995100 0.072300 -0.067200
vn -0.996700 -0.046500 0.066100
vn -0.205900 0.393200 0.896100
vn 0.061700 -0.064100 -0.996000
vn -0.018500 -0.103400 -0.994500
vn -0.017000 0.028300 -0.999500
vn 0.021500 0.020500 -0.999600
vn 0.150000 -0.134800 -0.979400
vn 0.149600 -0.134200 -0.979600
vn 0.149600 -0.134300 -0.979600
vn 0.149100 -0.133600 -0.979800
vn -0.978300 0.149900 -0.143400
vn -0.979100 0.153100 -0.133900
vn -0.979800 0.156400 -0.124300
vn -0.121500 0.144100 0.982100
vn -0.133000 0.133100 0.982100
vn -0.144400 0.122000 0.982000
vn 0.996900 -0.067400 0.039700
vn 0.997100 -0.070700 0.028400
vn 0.997100 -0.073900 0.017100
vn 0.613300 -0.531800 0.584000
vn -0.428700 -0.630600 0.646900
vn -0.044600 0.028900 0.998600
vn -0.018600 -0.008700 0.999800
vn -0.141500 -0.143400 0.979500
vn -0.009300 -0.024700 0.999700
vn -0.110500 -0.986600 0.120400
vn -0.176600 -0.966000 0.189000
vn -0.030800 -0.994600 0.098700
vn -0.003600 -0.667200 0.744900
vn 0.006600 -0.573100 0.819400
vn -0.021300 -0.486900 0.873200
vn -0.040900 -0.464000 0.884900
vn -0.865400 -0.484300 0.129000
vn -0.001700 -0.664600 0.747200
vn 0.006900 -0.661700 0.749800
vn -0.038100 -0.801900 -0.596300
vn -0.000000 -0.782100 -0.623100
vn -0.026400 -0.781100 -0.623800
vn -0.004900 -0.844000 -0.536300
vn -0.580300 -0.183400 0.793500
vn -0.629100 -0.684100 0.369000
vn 0.708600 -0.087100 0.700200
vn 0.390800 0.626900 0.674000
vn 0.209000 -0.683000 0.699900
vn 0.234200 -0.333100 0.913300
vn 0.152700 -0.417700 0.895700
vn -0.189800 0.183400 0.964500
vn -0.716700 0.139600 0.683300
vn -0.447600 0.037300 0.893400
vn -0.639900 -0.352900 0.682600
vn -0.183800 0.035200 0.982300
vn -0.721900 0.264400 0.639400
vn -0.687100 0.253700 0.680900
vn -0.534400 0.272700 0.800000
vn -0.656100 -0.039300 0.753600
vn -0.559100 -0.309600 0.769100
vn -0.237600 -0.012000 0.971300
vn -0.870500 -0.337200 0.358400
vn -0.808800 -0.009800 0.588100
vn -0.734900 -0.286900 0.614500
vn -0.721100 -0.225000 0.655200
vn -0.739000 -0.243900 0.627900
vn -0.773200 -0.101500 0.626000
vn -0.764700 -0.097500 0.637000
vn -0.757800 -0.056100 0.650100
vn -0.801400 -0.052900 0.595700
vn -0.806700 -0.074700 0.586300
vn -0.878400 -0.084400 0.470500
vn -0.744300 -0.138600 0.653300
vn -0.711900 0.048600 0.700600
vn -0.752200 0.043700 0.657400
vn -0.725800 -0.111200 0.678900
vn -0.653600 -0.035200 0.756000
vn -0.598000 -0.015800 0.801300
vn -0.638600 -0.011000 0.769400
vn -0.713400 -0.031500 0.700000
vn -0.181400 0.812500 0.554000
vn -0.109500 0.834100 0.540700
vn -0.442500 0.646000 0.621900
vn -0.471400 0.816900 0.332300
vn -0.033000 0.766000 0.642000
vn -0.019800 0.754500 0.656000
vn -0.002800 0.747900 0.663800
vn -0.002800 0.707400 0.706800
vn 0.028100 0.767400 0.640600
vn -0.084400 0.771800 0.630300
vn -0.043400 0.024100 0.998800
vn -0.041600 0.113600 0.992700
vn 0.066500 0.369400 0.926900
vn -0.036900 0.027500 0.998900
vn -0.045100 0.046300 0.997900
vn -0.007500 -0.045400 0.998900
vn -0.478100 -0.878300 -0.000300
vn -0.558400 -0.825200 0.084800
vn -0.528000 -0.849300 0.003000
vn -0.648900 -0.760300 0.029300
vn -0.578000 -0.815900 -0.013000
vn -0.557800 -0.829400 -0.030400
vn -0.537000 -0.739500 -0.405900
vn -0.778200 -0.580300 -0.240300
vn -0.503900 -0.445600 -0.739900
vn -0.664200 -0.386000 -0.640100
vn -0.739500 -0.185200 -0.647200
vn -0.641400 -0.111000 -0.759100
vn -0.650100 -0.373500 -0.661700
vn -0.615100 -0.231700 -0.753700
vn -0.624400 -0.057000 -0.779000
vn -0.651500 -0.143600 -0.744900
vn -0.608300 -0.146400 -0.780100
vn -0.618600 -0.134300 -0.774200
vn -0.571600 -0.138700 -0.808700
vn -0.638000 -0.058400 -0.767800
vn -0.649800 -0.225600 -0.725800
vn -0.586100 -0.194100 -0.786600
vn -0.521100 -0.183600 -0.833500
vn -0.582500 -0.355500 -0.731000
vn -0.672400 -0.222800 -0.705800
vn -0.737900 -0.210300 -0.641300
vn -0.706100 -0.210700 -0.676000
vn -0.655000 0.261500 -0.709000
vn -0.181000 0.596000 -0.782300
vn -0.184300 0.565500 -0.803900
vn -0.039000 0.579900 -0.813700
vn -0.039500 0.604800 -0.795400
vn -0.010400 0.574600 -0.818400
vn -0.008500 0.536800 -0.843700
vn 0.016200 0.645400 -0.763600
vn 0.025400 0.631900 -0.774600
vn -0.764800 0.046800 0.642600
vn -0.795400 -0.025200 0.605600
vn -0.998000 0.041000 -0.047300
vn -0.991900 -0.126200 0.017200
vn -0.995500 -0.080600 -0.050200
vn -0.994800 -0.087800 -0.052000
vn -0.990300 -0.138500 -0.011600
vn -0.973800 -0.224800 -0.033700
vn -0.725700 -0.176100 -0.665100
vn -0.635300 -0.270700 -0.723300
vn -0.446200 -0.875400 -0.185800
vn -0.058500 -0.997500 0.038700
vn 0.893400 0.436100 0.107500
vn 0.460200 0.819000 -0.342600
vn 0.277100 0.954100 -0.114000
vn 0.170500 0.945500 -0.277500
vn 0.149800 0.987200 -0.055100
vn 0.153200 0.979500 -0.130700
vn 0.870700 0.221000 -0.439300
vn -0.450000 0.399400 0.798700
vn -0.351200 -0.610300 0.710100
vn -0.012400 0.978500 -0.205800
vn 0.027700 0.991200 -0.129300
vn -0.374700 0.925600 0.053300
vn -0.627100 0.761000 -0.166200
vn -0.946600 -0.062800 0.316100
vn -0.969800 -0.176600 0.168300
vn -0.279500 -0.891100 0.357600
vn -0.035700 0.994200 0.101500
vn 0.023900 0.999700 -0.001000
vn -0.404200 0.854600 0.326000
vn -0.820000 0.041700 0.570900
vn -0.118400 0.905600 0.407300
vn -0.512700 -0.809500 0.286000
vn -0.480600 -0.109000 0.870100
vn -0.245300 -0.381100 0.891400
vn -0.990200 -0.084300 -0.111500
vn -0.991700 -0.113900 0.059700
vn -0.995100 -0.084300 0.050700
vn -0.980800 -0.171900 0.092300
vn 0.210600 0.659600 -0.721500
vn 0.078300 0.574000 -0.815100
vn 0.434700 0.746700 -0.503500
vn 0.334000 0.707300 -0.623100
vn 0.530300 0.715600 -0.454700
vn 0.652600 0.674600 -0.344900
vn -0.021100 -0.000300 0.999800
vn -0.026200 0.979900 -0.197900
vn 0.003700 0.985100 -0.172100
vn -0.003100 0.997600 -0.069200
vn 0.040800 0.994700 -0.094100
vn 0.152200 0.987900 0.030400
vn 0.157300 0.987400 0.015200
vn 0.115500 0.993200 0.012000
vn 0.171400 0.985100 0.014700
vn 0.054500 0.998400 0.018000
vn 0.051900 0.998000 0.036000
vn -0.150700 -0.000000 0.988600
vn -0.230500 0.257700 0.938300
vn 0.385300 0.232400 -0.893000
vn 0.201000 0.000000 -0.979600
vn -0.294700 0.721300 0.626900
vn -0.338200 0.498900 0.797900
vn 0.372800 0.391500 -0.841300
vn 0.447800 0.364700 -0.816400
vn -0.668400 0.725200 -0.165200
vn -0.701700 0.704500 -0.106500
vn -0.731500 0.680200 -0.047300
vn 0.300100 0.250000 -0.920600
vn 0.358600 0.089800 -0.929200
vn -0.333000 0.724300 0.603800
vn -0.328600 0.760400 0.560100
vn -0.999300 0.038100 -0.000000
vn 0.477100 -0.098600 0.873300
vn 0.209700 -0.367300 0.906200
vn -0.975900 0.103900 -0.191900
vn -0.209900 0.891400 -0.401700
vn -0.103400 -0.129000 0.986200
vn -1.000000 0.000000 0.000000
vn -0.992900 -0.085900 0.081700
vn -0.999800 0.019000 -0.006500
vn -0.999500 0.028600 -0.009800
vn -0.999100 0.000000 -0.043300
vn -0.016600 0.030300 0.999400
vn -0.004200 0.035500 0.999400
vn -0.052900 0.039700 0.997800
vn 0.043500 -0.080700 -0.995800
vn -0.990000 -0.101700 0.097400
vn -0.006700 -0.146800 -0.989100
vn -0.142800 0.178700 0.973500
vn -0.991000 -0.086600 -0.102400
vn -0.074000 -0.276400 -0.958200
vn -0.735700 0.649300 0.192900
vn -0.029900 0.155000 0.987500
vn -0.986200 -0.163300 -0.025600
vn 0.031800 0.971800 -0.233500
vn -0.081800 0.977800 -0.192700
vn -0.979500 -0.134300 0.150300
vn -0.974400 -0.126900 0.185500
vn 0.022800 -0.136900 -0.990300
vn -0.138000 0.138200 0.980700
vn 0.026300 -0.083000 -0.996200
vn 0.865300 -0.484300 0.129000
vn 0.829800 -0.528000 -0.180500
vn -0.774800 -0.599900 -0.199500
vn 0.058900 -0.001000 -0.998300
vn -0.061200 -0.004400 -0.998100
vn 0.804700 -0.532000 -0.263600
vn 0.766800 -0.625800 -0.142900
vn 0.407200 -0.751200 -0.519600
vn 0.263100 -0.896700 -0.356000
vn -0.306800 -0.778200 -0.548000
vn -0.261500 -0.924200 -0.278500
vn -0.804500 -0.532100 -0.263800
vn -0.766600 -0.626100 -0.142600
vn -0.936600 -0.335300 -0.101400
vn -0.848900 -0.489700 0.199000
vn 0.849500 -0.489200 0.197500
vn 0.936700 -0.335300 -0.101000
vn 0.465600 -0.866400 0.180300
vn 0.131500 -0.984000 0.120100
vn -0.156900 -0.971600 0.177200
vn -0.466100 -0.866300 0.179800
vn -0.633900 -0.589300 0.501000
vn -0.501300 -0.315200 0.805800
vn 0.517500 -0.358300 0.777000
vn 0.634300 -0.588200 0.501700
vn 0.200900 -0.865000 0.459700
vn 0.000700 -0.904200 0.427000
vn -0.201000 -0.866000 0.457900
vn 0.585100 -0.780700 0.219700
vn 0.150600 -0.981500 0.118600
vn 0.298500 -0.693400 0.655800
vn 0.001400 -0.882000 0.471200
vn 0.003500 -0.989000 0.148000
vn -0.158000 -0.978300 0.133900
vn -0.298300 -0.668000 0.681800
vn -0.587200 -0.779100 0.219400
vn 0.000200 -0.861300 0.508100
vn -0.000500 -0.343400 0.939200
vn -0.228300 -0.216200 0.949300
vn 0.252500 -0.316000 0.914500
vn 0.813100 0.493900 -0.308100
vn 0.407300 0.767500 -0.495000
vn 0.768500 0.634800 -0.080000
vn 0.264200 0.923800 -0.277200
vn -0.306900 0.800700 -0.514400
vn -0.262200 0.944600 -0.197300
vn -0.812900 0.494100 -0.308300
vn -0.768400 0.634900 -0.080000
vn -0.951000 0.291000 -0.104800
vn -0.851000 0.477800 0.217900
vn 0.951000 0.291000 -0.104600
vn 0.851400 0.476000 0.220400
vn 0.459200 0.844800 0.274800
vn 0.171700 0.966700 0.189600
vn -0.169500 0.948300 0.268200
vn -0.459400 0.845000 0.273600
vn -0.562300 0.316600 0.764000
vn -0.544800 0.545200 0.637100
vn 0.599300 0.529100 0.600700
vn 0.526500 0.435400 0.730200
vn 0.256400 0.819300 0.512900
vn 0.081500 0.877500 0.472500
vn -0.079900 0.855300 0.512000
vn -0.255400 0.821000 0.510600
vn -0.362800 0.240000 0.900400
vn -0.326600 0.546900 0.770900
vn 0.398900 0.350600 0.847300
vn 0.304500 0.620500 0.722700
vn 0.192200 0.522900 0.830400
vn 0.562800 0.789000 0.246500
vn 0.167500 0.970400 0.173800
vn 0.043300 0.975300 0.216400
vn 0.076800 0.788400 0.610400
vn -0.045900 0.972100 0.229900
vn -0.056800 0.772900 0.632000
vn -0.182000 0.963500 0.196500
vn -0.309200 0.580400 0.753300
vn -0.564300 0.788400 0.244900
vn 0.040500 0.815900 0.576800
vn -0.060300 0.813200 0.578900
vn -0.094900 0.492200 0.865300
vn 0.066600 0.379800 0.922700
vn -0.121600 0.762500 0.635400
vn -0.120700 0.749400 0.651000
vn -0.223900 0.374400 0.899800
vn 0.116400 0.733800 0.669300
vn 0.115600 0.742300 0.660100
vn -0.006500 -0.404300 0.914600
vn 0.001400 -0.401100 0.916000
vn 0.009300 -0.397800 0.917400
vn -0.022200 0.448400 -0.893600
vn -0.015900 0.451100 -0.892400
vn -0.015900 0.451100 -0.892300
vn -0.009500 0.453700 -0.891100
vn 0.794300 -0.081800 -0.602000
vn 0.003600 0.516000 -0.856600
vn -0.058900 0.518300 -0.853100
vn -0.121200 0.518700 -0.846400
vn -0.879900 0.283200 0.381600
vn 0.122000 -0.502500 0.855900
vn 0.080700 -0.465300 0.881500
vn 0.039100 -0.426400 0.903700
vn -0.842200 -0.090900 -0.531500
vn -0.144500 -0.489500 0.860000
vn -0.097700 -0.449900 0.887700
vn -0.050500 -0.408400 0.911400
vn 0.894000 0.257400 0.366700
vn 0.130000 0.545900 -0.827700
vn 0.080900 0.504600 -0.859500
vn 0.031500 0.460800 -0.886900
vn 0.410700 0.646700 0.642700
vn 0.155500 0.852200 -0.499600
vn 0.536100 0.525900 -0.660400
vn 0.055700 0.483200 -0.873700
vn 0.296600 0.269300 -0.916300
vn -0.394700 0.788500 -0.471700
vn -0.263000 0.512600 -0.817400
vn -0.776200 0.531400 -0.339200
vn -0.537200 0.346100 -0.769200
vn -0.981100 0.000000 -0.193400
vn -0.692000 -0.000000 -0.721900
vn -0.776500 -0.531200 -0.338900
vn -0.537200 -0.345900 -0.769300
vn -0.395000 -0.788400 -0.471500
vn -0.262900 -0.512000 -0.817700
vn 0.155800 -0.852100 -0.499600
vn 0.055800 -0.482800 -0.874000
vn 0.543800 -0.476000 -0.691200
vn 0.224800 -0.278200 -0.933900
vn 0.774600 0.033800 -0.631600
vn 0.368000 -0.046800 -0.928700
vn 0.315100 0.948900 0.017400
vn 0.813000 0.549400 -0.192600
vn -0.355200 0.934500 0.022400
vn -0.855800 0.496700 0.144600
vn -0.978200 -0.064900 0.197400
vn -0.838800 -0.533100 0.110600
vn -0.355200 -0.934500 0.023000
vn 0.248000 -0.968700 -0.007200
vn 0.794600 -0.588100 -0.150500
vn 0.982900 0.000000 -0.184400
vn 0.752800 0.569800 0.329700
vn 0.377200 0.776000 0.505500
vn -0.150000 0.833600 0.531600
vn -0.621700 0.585300 0.520500
vn -0.798800 0.044800 0.600000
vn -0.685800 -0.550400 0.476200
vn -0.145000 -0.847500 0.510600
vn 0.411700 -0.804300 0.428600
vn 0.779800 -0.513300 0.358400
vn 0.949300 -0.009200 0.314100
vn 0.150400 0.496800 0.854700
vn 0.624300 0.274600 0.731300
vn -0.336200 0.274700 0.900800
vn -0.277800 -0.311700 0.908700
vn 0.143300 -0.566700 0.811400
vn 0.572100 -0.312000 0.758500
vn 0.507500 0.166600 0.845400
vn 0.158000 0.403400 0.901300
vn -0.188600 0.167300 0.967700
vn -0.145700 -0.224800 0.963500
vn 0.159100 -0.401500 0.901900
vn 0.466800 -0.225200 0.855200
vn -0.173300 -0.000000 -0.984900
vn 0.170500 0.194100 0.966100
vn 0.173700 -0.008200 0.984800
vn 0.345100 0.085300 0.934700
vn -0.004400 0.085100 0.996400
vn 0.022200 -0.108800 0.993800
vn 0.170400 -0.194100 0.966100
vn 0.319200 -0.108700 0.941400
vn 0.316900 0.852200 -0.416300
vn 0.729500 0.525600 -0.437700
vn 0.351400 0.482600 -0.802200
vn 0.591800 0.269100 -0.759900
vn -0.209700 0.788400 -0.578300
vn 0.032800 0.512300 -0.858200
vn -0.614200 0.530900 -0.583900
vn -0.241700 0.345600 -0.906700
vn -0.856100 -0.000000 -0.516800
vn -0.403700 0.000000 -0.914900
vn -0.614600 -0.530700 -0.583700
vn -0.241700 -0.345300 -0.906800
vn -0.210000 -0.788300 -0.578300
vn 0.033000 -0.511700 -0.858500
vn 0.317100 -0.852200 -0.416100
vn 0.351500 -0.482200 -0.802400
vn 0.747100 -0.475900 -0.464000
vn 0.530000 -0.277900 -0.801200
vn 0.943700 0.034100 -0.329000
vn 0.662800 -0.046700 -0.747300
vn 0.289800 0.949000 0.124100
vn 0.829800 0.549600 0.097000
vn -0.341800 0.934400 -0.100400
vn -0.853900 0.496300 -0.156600
vn -0.986700 -0.064900 -0.149300
vn -0.826300 -0.532700 -0.182700
vn -0.342100 -0.934400 -0.099800
vn 0.235300 -0.968800 0.078100
vn 0.798000 -0.588400 0.130300
vn 0.986700 0.000000 0.162600
vn 0.594200 0.570000 0.567500
vn 0.181400 0.776200 0.603800
vn -0.323100 0.833800 0.447700
vn -0.762800 0.585200 0.275200
vn -0.956100 0.044500 0.289600
vn -0.807600 -0.550000 0.212500
vn -0.311500 -0.847400 0.430000
vn 0.240000 -0.804400 0.543400
vn 0.609700 -0.513400 0.603900
vn 0.784300 -0.009200 0.620300
vn -0.150600 0.496500 0.854900
vn 0.336900 0.274700 0.900600
vn -0.625100 0.274500 0.730700
vn -0.572800 -0.312500 0.757800
vn -0.143300 -0.566100 0.811800
vn 0.278500 -0.312200 0.908300
vn 0.188400 0.166300 0.967900
vn -0.159700 0.401200 0.902000
vn -0.508100 0.165900 0.845200
vn -0.467700 -0.227900 0.854000
vn -0.159300 -0.402400 0.901500
vn 0.147400 -0.227400 0.962600
vn 0.174100 -0.000000 -0.984700
vn -0.170300 0.196100 0.965700
vn -0.173900 -0.008400 0.984700
vn 0.004100 0.086100 0.996300
vn -0.344900 0.085900 0.934700
vn -0.318900 -0.110200 0.941400
vn -0.170500 -0.196100 0.965600
vn -0.022800 -0.109800 0.993700
vn 0.812700 0.495000 -0.307500
vn 0.406900 0.767700 -0.495100
vn 0.768100 0.635400 -0.079800
vn 0.264100 0.923800 -0.277200
vn -0.307100 0.800600 -0.514600
vn -0.262400 0.944600 -0.197200
vn -0.768700 0.634600 -0.079700
vn -0.951100 0.291000 -0.103800
vn -0.851800 0.476500 0.217900
vn 0.950800 0.291800 -0.103800
vn 0.851000 0.475800 0.222100
vn 0.458700 0.845100 0.274600
vn 0.171600 0.966800 0.189500
vn -0.169700 0.948300 0.268300
vn -0.459400 0.845000 0.273800
vn -0.562000 0.311300 0.766300
vn -0.545100 0.544900 0.637200
vn 0.598900 0.528100 0.602000
vn 0.526200 0.435500 0.730400
vn 0.256200 0.819700 0.512300
vn 0.081300 0.877600 0.472400
vn -0.080200 0.855300 0.512000
vn -0.255900 0.820900 0.510500
vn -0.362000 0.241600 0.900300
vn -0.326900 0.545300 0.771900
vn 0.398900 0.350600 0.847400
vn 0.304600 0.619700 0.723300
vn 0.562600 0.788700 0.247800
vn 0.167800 0.970200 0.174600
vn 0.043200 0.975300 0.216500
vn 0.077000 0.788100 0.610700
vn -0.046200 0.972100 0.230000
vn -0.056900 0.772800 0.632000
vn -0.182300 0.963400 0.196400
vn -0.308700 0.581200 0.752900
vn -0.564200 0.788900 0.243500
vn 0.040500 0.816000 0.576700
vn -0.060500 0.813100 0.578900
vn -0.095000 0.494400 0.864000
vn 0.066700 0.379600 0.922800
vn -0.121500 0.767400 0.629500
vn -0.120700 0.754000 0.645700
vn -0.223200 0.376900 0.898900
vn 0.115600 0.742300 0.660000
vn 0.001500 -0.401100 0.916100
vn 0.009400 -0.397800 0.917400
vn -0.022400 0.448400 -0.893600
vn -0.016000 0.451100 -0.892400
vn -0.016000 0.451100 -0.892300
vn -0.009600 0.453700 -0.891100
vn -0.997800 0.029400 -0.058600
vn -0.058800 0.518500 -0.853100
vn -0.121000 0.519000 -0.846200
vn -0.878500 0.285100 0.383200
vn 0.080800 -0.465400 0.881400
vn 0.080900 -0.465400 0.881400
vn 0.039400 -0.426600 0.903600
vn -0.843300 -0.089200 -0.530000
vn -0.144700 -0.489100 0.860100
vn -0.098000 -0.449800 0.887700
vn -0.050900 -0.408500 0.911300
vn 0.882500 0.235000 0.407300
vn 0.129300 0.545300 -0.828200
vn 0.080700 0.504500 -0.859700
vn 0.080700 0.504400 -0.859700
vn 0.031700 0.461000 -0.886800
vn 0.410600 0.646700 0.642800
vn 0.804500 -0.532100 -0.263800
vn 0.766500 -0.626200 -0.142700
vn 0.406700 -0.751300 -0.519800
vn 0.262800 -0.896800 -0.356000
vn -0.307100 -0.778100 -0.547900
vn -0.261700 -0.924100 -0.278500
vn -0.804700 -0.532000 -0.263600
vn -0.766900 -0.625600 -0.142800
vn -0.849400 -0.489100 0.198400
vn 0.849000 -0.489800 0.198100
vn 0.465200 -0.866600 0.180500
vn 0.131500 -0.984000 0.120200
vn -0.466400 -0.866200 0.179500
vn -0.634300 -0.589000 0.500700
vn -0.501700 -0.315100 0.805600
vn 0.517200 -0.358500 0.777200
vn 0.633800 -0.588500 0.502000
vn 0.000700 -0.904300 0.427000
vn 0.584700 -0.780900 0.220100
vn 0.003600 -0.989000 0.148000
vn -0.587600 -0.778900 0.219100
usemtl 3D_Object_52Mat
s 1
f 354/303/348 356/304/349 352/305/350
f 351/306/351 352/305/350 356/304/349
f 357/307/352 351/306/351 356/304/349
f 359/308/353 361/309/353 363/310/353
f 368/311/354 369/312/355 366/313/356
f 364/314/357 366/313/356 369/312/355
f 375/303/358 377/315/359 373/316/360
f 370/317/361 373/316/360 377/315/359
f 365/313/362 355/303/363 379/318/364
f 379/318/364 355/303/363 381/315/365
f 353/305/366 373/316/360 382/319/367
f 382/319/367 373/316/360 370/317/361
f 385/320/368 388/321/369 384/322/370
f 384/322/370 388/321/369 389/323/371
f 392/324/372 394/321/373 390/325/374
f 390/325/374 394/321/373 395/323/375
f 396/326/376 397/327/377 384/322/370
f 397/327/377 385/320/368 384/322/370
f 399/328/378 400/329/379 404/330/380
f 400/329/379 402/331/381 404/330/380
f 405/332/382 406/333/383 410/334/384
f 406/333/383 408/335/385 410/334/384
f 400/329/379 399/328/378 412/336/386
f 411/337/387 412/336/386 399/328/378
f 399/328/378 404/330/380 414/338/388
f 414/338/388 404/330/380 415/339/389
f 416/340/390 417/341/391 418/342/392
f 419/343/393 420/344/394 421/345/395
f 411/337/387 399/328/378 422/346/396
f 422/346/396 399/328/378 423/347/397
f 425/348/398 427/349/398 431/350/399
f 427/349/398 429/351/400 431/350/399
f 424/352/401 430/353/402 432/354/403
f 354/303/348 366/313/356 356/304/349
f 366/313/356 364/314/357 356/304/349
f 356/304/349 364/314/357 357/307/352
f 369/312/355 433/304/404 357/307/352
f 433/304/404 434/355/405 357/307/352
f 368/311/354 374/303/406 369/312/355
f 369/312/355 374/303/406 433/304/404
f 374/303/406 372/316/407 433/304/404
f 372/316/407 434/355/405 433/304/404
f 435/356/408 358/357/409 430/353/402
f 430/353/402 358/357/409 418/342/392
f 372/316/407 352/305/350 434/355/405
f 352/305/350 351/306/351 434/355/405
f 375/303/358 367/311/410 377/315/359
f 367/311/410 438/358/411 377/315/359
f 376/315/412 437/358/413 387/359/414
f 437/358/413 391/360/415 387/359/414
f 371/317/416 376/315/412 386/361/417
f 387/359/414 386/361/417 376/315/412
f 365/313/362 379/318/364 367/311/410
f 367/311/410 379/318/364 438/358/411
f 378/318/418 391/360/415 437/358/413
f 355/303/363 353/305/366 381/315/365
f 353/305/366 382/319/367 381/315/365
f 383/319/419 398/362/420 380/315/421
f 398/362/420 393/359/422 380/315/421
f 380/315/421 393/359/422 378/318/418
f 393/359/422 391/360/415 378/318/418
f 383/319/419 371/317/416 398/362/420
f 386/361/417 398/362/420 371/317/416
f 388/321/369 392/324/372 389/323/371
f 392/324/372 390/325/374 389/323/371
f 439/363/423 440/364/424 444/365/425
f 440/364/424 442/366/426 444/365/425
f 442/366/426 445/367/427 444/365/425
f 445/367/427 447/368/428 444/365/425
f 394/321/373 397/327/377 395/323/375
f 397/327/377 396/326/376 395/323/375
f 448/369/429 449/370/430 453/365/431
f 449/370/430 451/366/432 453/365/431
f 451/366/432 440/364/424 453/365/431
f 440/364/424 439/363/423 453/365/431
f 445/367/427 449/370/430 447/368/428
f 449/370/430 448/369/429 447/368/428
f 403/371/433 455/372/434 407/373/435
f 454/374/436 407/373/435 455/372/434
f 401/375/437 456/376/438 403/371/433
f 403/371/433 456/376/438 455/372/434
f 413/377/439 409/371/440 457/378/441
f 457/378/441 409/371/440 458/372/442
f 409/371/440 407/373/435 458/372/442
f 407/373/435 454/374/436 458/372/442
f 401/375/437 413/377/439 456/376/438
f 413/377/439 457/378/441 456/376/438
f 404/330/380 402/331/381 417/341/391
f 402/331/381 406/333/383 417/341/391
f 406/333/383 405/332/382 417/341/391
f 411/337/387 410/334/384 412/336/386
f 408/335/385 412/336/386 410/334/384
f 417/341/391 416/340/390 404/330/380
f 404/330/380 416/340/390 415/339/389
f 358/357/409 362/379/443 416/340/390
f 416/340/390 362/379/443 415/339/389
f 360/380/444 414/338/388 362/379/443
f 362/379/443 414/338/388 415/339/389
f 405/332/382 432/354/403 417/341/391
f 417/341/391 432/354/403 418/342/392
f 432/354/403 430/353/402 418/342/392
f 358/357/409 416/340/390 418/342/392
f 420/344/394 459/381/445 421/345/395
f 459/381/445 460/382/446 421/345/395
f 421/345/395 462/383/447 419/343/393
f 399/328/378 414/338/388 423/347/397
f 414/338/388 360/380/444 423/347/397
f 423/347/397 360/380/444 428/384/448
f 428/384/448 360/380/444 464/385/449
f 467/386/450 410/334/384 466/387/451
f 411/337/387 466/387/451 410/334/384
f 422/346/396 428/384/448 426/388/452
f 422/346/396 426/388/452 470/389/453
f 426/388/452 468/390/454 470/389/453
f 466/387/451 411/337/387 470/389/453
f 470/389/453 411/337/387 422/346/396
f 469/391/455 427/349/398 472/392/456
f 425/348/398 472/392/456 427/349/398
f 432/354/403 473/393/457 424/352/401
f 473/393/457 471/394/458 424/352/401
f 467/386/450 466/387/451 420/344/394
f 466/387/451 459/381/445 420/344/394
f 459/381/445 470/389/453 460/382/446
f 468/390/454 460/382/446 470/389/453
f 459/381/445 466/387/451 470/389/453
f 461/395/459 463/396/460 475/397/461
f 419/343/393 462/383/447 473/393/457
f 462/383/447 471/394/458 473/393/457
f 465/398/462 436/399/463 429/351/400
f 436/399/463 431/350/399 429/351/400
f 436/399/463 465/398/462 359/308/353
f 359/308/353 465/398/462 361/309/353
f 423/347/397 428/384/448 422/346/396
f 446/400/464 443/401/465 478/402/466
f 443/401/465 476/403/467 478/402/466
f 441/404/468 452/401/469 482/405/470
f 452/401/469 480/403/471 482/405/470
f 450/406/472 446/400/464 484/407/473
f 446/400/464 478/402/466 484/407/473
f 443/401/465 441/404/468 476/403/467
f 441/404/468 482/405/470 476/403/467
f 452/401/469 450/406/472 480/403/471
f 450/406/472 484/407/473 480/403/471
f 421/345/395 460/382/446 474/408/474
f 474/408/474 462/383/447 421/345/395
f 467/386/450 420/344/394 486/409/475
f 420/344/394 419/343/393 486/409/475
f 486/409/475 419/343/393 473/393/457
f 432/354/403 405/332/382 473/393/457
f 405/332/382 486/409/475 473/393/457
f 467/386/450 486/409/475 410/334/384
f 410/334/384 486/409/475 405/332/382
f 439/363/423 444/365/425 488/363/424
f 444/365/425 487/365/426 488/363/424
f 444/365/425 447/368/428 487/365/426
f 447/368/428 489/368/428 487/365/426
f 448/369/429 453/365/431 491/369/430
f 453/365/431 490/365/432 491/369/430
f 453/365/431 439/363/423 490/365/432
f 439/363/423 488/363/424 490/365/432
f 447/368/428 448/369/429 489/368/428
f 448/369/429 491/369/430 489/368/428
f 472/392/456 463/396/460 469/391/455
f 469/391/455 463/396/460 461/395/459
f 357/307/352 364/314/357 369/312/355
f 434/355/405 351/306/351 357/307/352
f 389/323/371 390/325/374 493/410/426
f 390/325/374 492/411/424 493/410/426
f 488/363/424 487/365/426 492/411/424
f 487/365/426 493/410/426 492/411/424
f 384/322/370 389/323/371 494/412/428
f 389/323/371 493/410/426 494/412/428
f 487/365/426 489/368/428 493/410/426
f 489/368/428 494/412/428 493/410/426
f 395/323/375 396/326/376 496/410/432
f 396/326/376 495/413/430 496/410/432
f 491/369/430 490/365/432 495/413/430
f 490/365/432 496/410/432 495/413/430
f 390/325/374 395/323/375 492/411/424
f 395/323/375 496/410/432 492/411/424
f 490/365/432 488/363/424 496/410/432
f 488/363/424 492/411/424 496/410/432
f 396/326/376 384/322/370 495/413/430
f 384/322/370 494/412/428 495/413/430
f 489/368/428 491/369/430 494/412/428
f 491/369/430 495/413/430 494/412/428
f 479/414/476 477/415/477 498/416/428
f 477/415/477 497/417/426 498/416/428
f 455/372/434 456/376/438 497/417/426
f 456/376/438 498/416/428 497/417/426
f 483/418/478 481/415/469 500/419/424
f 481/415/469 499/417/432 500/419/424
f 458/372/442 454/374/436 499/417/432
f 454/374/436 500/419/424 499/417/432
f 485/420/479 479/414/476 501/421/430
f 479/414/476 498/416/428 501/421/430
f 456/376/438 457/378/441 498/416/428
f 457/378/441 501/421/430 498/416/428
f 477/415/477 483/418/478 497/417/426
f 483/418/478 500/419/424 497/417/426
f 454/374/436 455/372/434 500/419/424
f 455/372/434 497/417/426 500/419/424
f 481/415/469 485/420/479 499/417/432
f 485/420/479 501/421/430 499/417/432
f 457/378/441 458/372/442 501/421/430
f 458/372/442 499/417/432 501/421/430
f 504/303/480 505/304/481 503/305/482
f 502/306/483 503/305/482 505/304/481
f 506/307/484 502/306/483 505/304/481
f 508/313/485 509/311/486 507/314/487
f 507/314/487 509/311/486 510/312/488
f 514/303/489 515/315/490 513/316/491
f 511/317/492 513/316/491 515/315/490
f 508/313/485 504/303/480 518/318/493
f 518/318/493 504/303/480 519/315/494
f 513/316/491 511/317/492 503/305/482
f 521/319/495 503/305/482 511/317/492
f 523/422/496 524/423/497 528/323/498
f 524/423/497 526/321/499 528/323/498
f 529/424/500 531/425/501 534/323/502
f 531/425/501 532/321/503 534/323/502
f 540/330/504 535/328/505 538/331/506
f 535/328/505 536/426/507 538/331/506
f 541/332/508 542/427/509 546/334/510
f 542/427/509 544/335/511 546/334/510
f 547/337/512 536/426/507 535/328/505
f 535/328/505 540/330/504 548/338/513
f 548/338/513 540/330/504 549/339/514
f 550/340/515 551/341/516 552/342/517
f 553/343/518 554/344/394 555/345/519
f 547/337/512 535/328/505 556/346/520
f 556/346/520 535/328/505 557/347/521
f 559/348/522 561/349/523 565/350/399
f 561/349/523 563/351/400 565/350/399
f 558/352/524 564/353/525 566/354/526
f 504/303/480 508/313/485 505/304/481
f 508/313/485 507/314/487 505/304/481
f 506/307/484 507/314/487 510/312/488
f 510/312/488 567/304/527 506/307/484
f 567/304/527 568/355/528 506/307/484
f 514/303/489 567/304/527 509/311/486
f 510/312/488 509/311/486 567/304/527
f 514/303/489 513/316/491 567/304/527
f 513/316/491 568/355/528 567/304/527
f 569/356/529 571/357/530 564/353/525
f 564/353/525 571/357/530 552/342/517
f 513/316/491 503/305/482 568/355/528
f 503/305/482 502/306/483 568/355/528
f 514/303/489 509/311/486 515/315/490
f 509/311/486 574/358/531 515/315/490
f 573/358/532 575/428/533 516/315/534
f 575/428/533 527/359/535 516/315/534
f 516/315/534 527/359/535 512/317/536
f 527/359/535 525/429/537 512/317/536
f 508/313/485 518/318/493 509/311/486
f 509/311/486 518/318/493 574/358/531
f 517/318/538 530/430/539 573/358/532
f 530/430/539 575/428/533 573/358/532
f 504/303/480 503/305/482 519/315/494
f 503/305/482 521/319/495 519/315/494
f 520/315/540 522/319/541 533/359/542
f 522/319/541 525/429/537 533/359/542
f 517/318/538 520/315/540 530/430/539
f 533/359/542 530/430/539 520/315/540
f 525/429/537 522/319/541 512/317/536
f 526/321/499 576/431/543 528/323/498
f 576/431/543 577/432/544 528/323/498
f 578/433/545 579/434/546 583/365/547
f 579/434/546 581/366/548 583/365/547
f 581/366/548 584/435/549 583/365/547
f 584/435/549 586/436/550 583/365/547
f 529/424/500 577/432/544 531/425/501
f 576/431/543 531/425/501 577/432/544
f 587/437/551 588/438/552 578/433/545
f 588/438/552 579/434/546 578/433/545
f 532/321/503 524/423/497 534/323/502
f 524/423/497 523/422/496 534/323/502
f 586/436/550 584/435/549 592/365/553
f 584/435/549 590/366/554 592/365/553
f 590/366/554 588/438/552 592/365/553
f 588/438/552 587/437/551 592/365/553
f 595/439/555 539/371/556 593/440/557
f 593/440/557 539/371/556 596/372/558
f 539/371/556 537/441/559 596/372/558
f 537/441/559 597/442/560 596/372/558
f 595/439/555 593/440/557 543/443/561
f 598/444/562 543/443/561 593/440/557
f 545/371/563 599/372/564 537/441/559
f 597/442/560 537/441/559 599/372/564
f 543/443/561 598/444/562 545/371/563
f 545/371/563 598/444/562 599/372/564
f 551/341/516 540/330/504 594/445/565
f 538/331/506 594/445/565 540/330/504
f 594/445/565 542/427/509 551/341/516
f 542/427/509 541/332/508 551/341/516
f 547/337/512 546/334/510 536/426/507
f 544/335/511 536/426/507 546/334/510
f 551/341/516 550/340/515 540/330/504
f 540/330/504 550/340/515 549/339/514
f 571/357/530 600/379/566 550/340/515
f 550/340/515 600/379/566 549/339/514
f 602/380/567 548/338/513 600/379/566
f 600/379/566 548/338/513 549/339/514
f 541/332/508 566/354/526 551/341/516
f 551/341/516 566/354/526 552/342/517
f 566/354/526 564/353/525 552/342/517
f 571/357/530 550/340/515 552/342/517
f 554/344/394 604/381/568 555/345/519
f 604/381/568 605/382/569 555/345/519
f 555/345/519 607/383/570 553/343/518
f 535/328/505 548/338/513 557/347/521
f 548/338/513 602/380/567 557/347/521
f 557/347/521 602/380/567 562/384/571
f 562/384/571 602/380/567 609/385/572
f 612/386/450 546/334/510 611/387/573
f 547/337/512 611/387/573 546/334/510
f 556/346/520 562/384/571 560/388/574
f 556/346/520 560/388/574 615/389/575
f 560/388/574 613/390/576 615/389/575
f 611/387/573 547/337/512 615/389/575
f 615/389/575 547/337/512 556/346/520
f 617/392/455 614/391/456 559/348/522
f 559/348/522 614/391/456 561/349/523
f 566/354/526 618/393/577 558/352/524
f 618/393/577 616/394/578 558/352/524
f 612/386/450 611/387/573 554/344/394
f 611/387/573 604/381/568 554/344/394
f 604/381/568 615/389/575 605/382/569
f 613/390/576 605/382/569 615/389/575
f 604/381/568 611/387/573 615/389/575
f 606/395/460 608/396/459 620/397/461
f 553/343/518 607/383/570 618/393/577
f 607/383/570 616/394/578 618/393/577
f 610/398/462 570/399/463 563/351/400
f 570/399/463 565/350/399 563/351/400
f 570/399/463 610/398/462 572/308/353
f 572/308/353 610/398/462 603/309/353
f 557/347/521 562/384/571 556/346/520
f 585/446/579 582/401/580 623/447/581
f 582/401/580 621/403/582 623/447/581
f 589/448/583 591/401/584 627/449/585
f 591/401/584 625/403/586 627/449/585
f 582/401/580 580/450/587 621/403/582
f 580/450/587 629/451/545 621/403/582
f 580/450/587 589/448/583 629/451/545
f 589/448/583 627/449/585 629/451/545
f 591/401/584 585/446/579 625/403/586
f 585/446/579 623/447/581 625/403/586
f 555/345/519 605/382/569 619/408/588
f 619/408/588 607/383/570 555/345/519
f 612/386/450 554/344/394 631/409/589
f 554/344/394 553/343/518 631/409/589
f 631/409/589 553/343/518 618/393/577
f 566/354/526 541/332/508 618/393/577
f 541/332/508 631/409/589 618/393/577
f 612/386/450 631/409/589 546/334/510
f 546/334/510 631/409/589 541/332/508
f 578/433/545 583/365/547 633/433/590
f 583/365/547 632/365/548 633/433/590
f 583/365/547 586/436/550 632/365/548
f 586/436/550 634/436/549 632/365/548
f 587/437/551 578/433/545 635/437/552
f 578/433/545 633/433/590 635/437/552
f 586/436/550 592/365/553 634/436/549
f 592/365/553 636/365/554 634/436/549
f 592/365/553 587/437/551 636/365/554
f 587/437/551 635/437/552 636/365/554
f 572/308/353 603/309/353 601/310/353
f 614/391/456 617/392/455 606/395/460
f 617/392/455 608/396/459 606/395/460
f 505/304/481 507/314/487 506/307/484
f 568/355/528 502/306/483 506/307/484
f 528/323/498 577/432/544 638/410/548
f 577/432/544 637/452/590 638/410/548
f 633/433/590 632/365/548 637/452/590
f 632/365/548 638/410/548 637/452/590
f 523/422/496 528/323/498 639/453/549
f 528/323/498 638/410/548 639/453/549
f 632/365/548 634/436/549 638/410/548
f 634/436/549 639/453/549 638/410/548
f 577/432/544 529/424/500 637/452/590
f 529/424/500 640/454/552 637/452/590
f 635/437/552 633/433/590 640/454/552
f 633/433/590 637/452/590 640/454/552
f 534/323/502 523/422/496 641/410/554
f 523/422/496 639/453/549 641/410/554
f 634/436/549 636/365/554 639/453/549
f 636/365/554 641/410/554 639/453/549
f 529/424/500 534/323/502 640/454/552
f 534/323/502 641/410/554 640/454/552
f 636/365/554 635/437/552 641/410/554
f 635/437/552 640/454/552 641/410/554
f 624/455/591 622/415/592 643/456/549
f 622/415/592 642/417/548 643/456/549
f 596/372/558 597/442/560 642/417/548
f 597/442/560 643/456/549 642/417/548
f 628/457/583 626/415/584 645/458/552
f 626/415/584 644/417/554 645/458/552
f 599/372/564 598/444/562 644/417/554
f 598/444/562 645/458/552 644/417/554
f 622/415/592 630/459/546 642/417/548
f 630/459/546 646/460/590 642/417/548
f 593/440/557 596/372/558 646/460/590
f 596/372/558 642/417/548 646/460/590
f 630/459/546 628/457/583 646/460/590
f 628/457/583 645/458/552 646/460/590
f 598/444/562 593/440/557 645/458/552
f 593/440/557 646/460/590 645/458/552
f 626/415/584 624/455/591 644/417/554
f 624/455/591 643/456/549 644/417/554
f 597/442/560 599/372/564 643/456/549
f 599/372/564 644/417/554 643/456/549
f 647/461/593 648/462/594 650/463/595
f 653/464/596 655/465/597 656/466/598
f 656/466/598 659/467/599 661/468/600
f 664/469/601 668/470/602 670/471/603
f 676/472/604 671/473/605 674/474/606
f 671/473/605 673/475/607 674/474/606
f 677/476/608 678/477/609 679/478/610
f 680/479/611 681/480/612 682/481/613
f 685/482/614 656/466/598 684/483/615
f 655/465/597 684/483/615 656/466/598
f 687/484/616 688/485/617 690/486/618
f 696/487/619 697/488/620 694/489/621
f 692/490/622 694/489/621 697/488/620
f 697/488/620 696/487/619 698/491/623
f 706/492/624 707/493/625 703/494/626
f 700/495/627 703/494/626 707/493/625
f 709/496/628 711/497/629 713/498/630
f 720/499/631 716/500/632 719/501/633
f 716/500/632 718/502/634 719/501/633
f 721/503/635 651/504/636 722/505/637
f 713/498/630 723/506/638 709/496/628
f 726/507/639 727/508/640 729/509/641
f 732/510/642 734/511/643 738/512/644
f 740/513/645 647/461/593 742/514/646
f 747/515/647 743/516/648 746/517/649
f 743/516/648 745/518/650 746/517/649
f 747/515/647 746/517/649 749/519/651
f 754/520/652 750/521/653 753/522/654
f 750/521/653 752/523/655 753/522/654
f 759/524/656 760/525/657 756/526/658
f 754/520/652 756/526/658 760/525/657
f 760/525/657 648/462/594 740/513/645
f 648/462/594 647/461/593 740/513/645
f 762/527/659 681/480/612 750/521/653
f 681/480/612 680/479/611 750/521/653
f 764/528/660 767/529/660 770/530/660
f 773/531/661 774/532/662 782/533/663
f 774/532/662 776/534/664 782/533/663
f 784/535/660 789/536/660 780/537/660
f 779/537/665 792/538/665 794/539/665
f 742/514/646 798/540/666 800/541/667
f 803/542/668 805/543/669 673/475/607
f 673/475/607 671/473/605 803/542/668
f 647/461/593 650/463/595 808/544/670
f 806/545/671 808/544/670 650/463/595
f 742/514/646 647/461/593 798/540/666
f 647/461/593 808/544/670 798/540/666
f 810/546/672 812/547/673 814/548/674
f 815/549/675 817/550/676 818/551/677
f 818/551/677 820/552/678 822/553/679
f 824/554/680 826/555/681 827/556/682
f 657/557/683 829/558/684 831/559/685
f 833/560/686 831/559/685 835/561/687
f 840/562/688 842/563/689 838/564/690
f 836/565/691 838/564/690 842/563/689
f 845/566/692 829/558/684 657/557/683
f 846/567/693 847/568/694 848/569/695
f 846/567/693 848/569/695 757/570/696
f 757/570/696 848/569/695 758/571/697
f 678/477/609 849/572/698 679/478/610
f 851/573/699 852/574/700 850/575/701
f 850/575/701 852/574/700 679/478/610
f 852/574/700 677/476/608 679/478/610
f 853/576/702 855/577/703 858/578/704
f 858/578/704 860/579/705 862/580/706
f 864/581/707 853/576/702 863/582/708
f 862/580/706 863/582/708 853/576/702
f 869/583/709 870/584/710 867/585/711
f 865/586/712 867/585/711 870/584/710
f 869/583/709 749/519/651 871/587/713
f 872/588/714 752/523/655 682/481/613
f 682/481/613 752/523/655 680/479/611
f 873/589/715 875/590/716 877/591/717
f 822/553/679 881/592/718 879/593/719
f 879/593/719 881/592/718 883/594/720
f 879/593/719 885/595/721 818/551/677
f 818/551/677 887/596/722 827/556/682
f 887/596/722 889/597/723 827/556/682
f 827/556/682 890/598/724 892/599/725
f 890/598/724 891/600/726 892/599/725
f 895/601/727 897/602/728 893/603/729
f 893/603/729 897/602/728 899/604/730
f 685/482/614 902/605/731 904/606/732
f 752/523/655 872/588/714 906/607/733
f 872/588/714 905/608/734 906/607/733
f 678/477/609 906/607/733 907/609/735
f 905/608/734 907/609/735 906/607/733
f 692/490/622 697/488/620 851/573/699
f 852/574/700 851/573/699 697/488/620
f 698/491/623 752/523/655 906/607/733
f 677/476/608 698/491/623 678/477/609
f 906/607/733 678/477/609 698/491/623
f 677/476/608 852/574/700 698/491/623
f 852/574/700 697/488/620 698/491/623
f 680/479/611 752/523/655 750/521/653
f 863/582/708 862/580/706 870/584/710
f 752/523/655 698/491/623 696/487/619
f 756/526/658 753/522/654 908/610/736
f 671/473/605 753/522/654 695/487/737
f 753/522/654 752/523/655 695/487/737
f 913/611/738 720/499/631 911/612/739
f 719/501/633 911/612/739 720/499/631
f 913/611/738 915/613/740 720/499/631
f 915/613/740 917/614/741 720/499/631
f 699/615/742 728/616/743 702/617/743
f 702/617/743 728/616/743 725/618/744
f 726/507/639 918/619/745 704/494/746
f 921/620/747 919/619/748 735/621/749
f 919/619/748 675/474/750 735/621/749
f 918/619/745 676/472/604 674/474/606
f 917/614/741 923/622/751 720/499/631
f 923/622/751 716/500/632 720/499/631
f 928/623/752 930/624/753 926/625/754
f 926/625/754 930/624/753 932/626/755
f 916/627/756 930/624/753 708/628/757
f 930/624/753 928/623/752 708/628/757
f 709/496/628 927/629/758 711/497/629
f 848/569/695 847/568/694 722/505/637
f 722/505/637 649/630/759 848/569/695
f 713/498/630 806/545/671 723/506/638
f 723/506/638 806/545/671 650/463/595
f 721/503/635 933/631/760 710/632/761
f 915/613/740 707/493/625 917/614/741
f 917/614/741 707/493/625 706/492/624
f 700/495/627 709/496/628 934/633/762
f 934/633/762 727/508/640 700/495/627
f 933/631/760 846/567/693 730/634/763
f 730/634/763 846/567/693 909/635/764
f 908/610/736 726/507/639 729/509/641
f 846/567/693 757/570/696 909/635/764
f 935/636/765 933/631/760 730/634/763
f 947/637/766 938/638/767 943/639/767
f 938/638/767 940/640/768 943/639/767
f 740/513/645 742/514/646 949/641/769
f 742/514/646 948/642/770 949/641/769
f 741/643/771 950/644/772 951/645/773
f 745/518/650 743/516/648 948/642/770
f 948/642/770 743/516/648 949/641/769
f 950/644/772 744/646/774 951/645/773
f 951/645/773 744/646/774 748/647/775
f 951/645/773 748/647/775 763/648/776
f 753/522/654 756/526/658 754/520/652
f 951/645/773 751/649/777 755/650/778
f 755/650/778 761/651/779 951/645/773
f 951/645/773 761/651/779 741/643/771
f 951/645/773 763/648/776 751/649/777
f 800/541/667 853/576/702 742/514/646
f 742/514/646 853/576/702 864/581/707
f 917/614/741 706/492/624 923/622/751
f 706/492/624 953/652/780 923/622/751
f 703/494/626 953/652/780 706/492/624
f 705/494/781 919/619/748 921/620/747
f 802/653/782 956/654/783 854/655/783
f 956/654/783 857/656/784 854/655/783
f 841/657/785 839/658/786 810/546/672
f 896/659/787 812/547/673 898/660/788
f 898/660/788 812/547/673 810/546/672
f 656/466/598 661/468/600 958/661/789
f 961/662/790 653/464/596 656/466/598
f 966/663/791 890/598/724 964/664/792
f 827/556/682 964/664/792 890/598/724
f 803/542/668 671/473/605 693/489/793
f 671/473/605 695/487/737 693/489/793
f 890/598/724 968/665/794 970/666/795
f 890/598/724 970/666/795 891/600/726
f 970/666/795 972/667/796 891/600/726
f 937/668/797 974/669/798 939/670/799
f 974/669/798 731/671/800 939/670/799
f 941/672/801 733/673/802 944/674/802
f 733/673/802 739/675/803 944/674/802
f 979/676/804 946/677/805 736/678/806
f 736/678/806 946/677/805 942/679/807
f 936/680/808 945/681/809 973/682/809
f 976/683/810 973/682/809 945/681/809
f 778/684/811 787/685/811 791/686/811
f 797/687/812 793/686/812 790/685/812
f 981/688/813 915/613/740 980/689/814
f 980/689/814 915/613/740 984/690/815
f 986/691/816 987/692/817 984/690/815
f 984/690/815 987/692/817 980/689/814
f 929/693/818 993/694/819 990/695/819
f 988/696/820 990/695/819 993/694/819
f 672/475/821 737/697/822 675/474/750
f 675/474/750 737/697/822 735/621/749
f 978/698/823 737/697/822 672/475/821
f 672/475/821 804/543/824 978/698/823
f 726/507/639 676/472/604 918/619/745
f 796/699/825 765/700/826 997/701/827
f 765/700/826 994/702/828 997/701/827
f 845/566/692 1000/703/829 1002/704/830
f 1008/705/831 1003/706/832 1006/707/833
f 1003/706/832 781/708/834 1006/707/833
f 781/708/834 796/699/825 1006/707/833
f 796/699/825 997/701/827 1006/707/833
f 966/663/791 1010/709/835 890/598/724
f 890/598/724 1010/709/835 968/665/794
f 691/710/836 969/711/837 1012/712/838
f 1012/712/838 969/711/837 967/713/839
f 691/710/836 689/706/840 969/711/837
f 689/706/840 971/714/841 969/711/837
f 994/702/828 765/700/826 989/715/842
f 989/715/842 765/700/826 771/716/843
f 1013/717/844 1014/718/845 1016/719/846
f 1020/720/847 1023/721/848 1018/722/849
f 1018/722/849 1023/721/848 1024/723/850
f 782/533/663 1004/724/851 773/531/661
f 786/725/852 783/726/853 777/727/854
f 870/584/710 871/587/713 863/582/708
f 869/583/709 871/587/713 870/584/710
f 871/587/713 749/519/651 746/517/649
f 871/587/713 746/517/649 863/582/708
f 863/582/708 746/517/649 745/518/650
f 864/581/707 863/582/708 948/642/770
f 863/582/708 745/518/650 948/642/770
f 1031/728/855 786/725/852 1029/729/856
f 786/725/852 1027/730/857 1029/729/856
f 1028/731/858 1026/732/859 1032/733/860
f 1037/734/861 1039/735/862 1035/736/863
f 1035/736/863 1039/735/862 1041/737/864
f 933/631/760 847/568/694 846/567/693
f 721/503/635 847/568/694 933/631/760
f 722/505/637 847/568/694 721/503/635
f 1001/738/865 999/739/866 989/715/842
f 999/739/866 991/740/867 989/715/842
f 931/741/868 991/740/867 957/742/869
f 957/742/869 991/740/867 999/739/866
f 660/743/870 925/744/871 957/742/869
f 957/742/869 925/744/871 931/741/868
f 712/745/872 925/744/871 658/746/873
f 660/743/870 658/746/873 925/744/871
f 712/745/872 658/746/873 714/747/874
f 714/747/874 658/746/873 903/748/875
f 903/748/875 901/749/876 714/747/874
f 901/749/876 807/750/877 714/747/874
f 901/749/876 1042/751/878 807/750/877
f 809/752/879 807/750/877 1042/751/878
f 1042/751/878 1044/753/880 809/752/879
f 1044/753/880 799/754/881 809/752/879
f 1046/755/882 801/756/883 1044/753/880
f 801/756/883 799/754/881 1044/753/880
f 1048/757/884 1051/758/885 1054/759/886
f 1051/758/885 1052/760/887 1054/759/886
f 1048/757/884 1056/761/888 1051/758/885
f 856/762/889 1051/758/885 1056/761/888
f 1056/761/888 1058/763/890 856/762/889
f 859/764/891 856/762/889 1058/763/890
f 1060/765/892 861/766/893 1058/763/890
f 1058/763/890 861/766/893 859/764/891
f 868/767/894 866/768/895 874/769/896
f 876/770/897 874/769/896 866/768/895
f 930/624/753 982/771/898 995/772/899
f 982/771/898 998/773/900 995/772/899
f 1005/774/901 980/689/814 1007/775/902
f 1007/775/902 980/689/814 987/692/817
f 989/715/842 771/716/843 1001/738/865
f 1064/776/903 828/777/904 1062/778/905
f 1062/778/905 828/777/904 844/779/906
f 830/780/907 828/777/904 669/778/908
f 1064/776/903 669/778/908 828/777/904
f 667/781/909 834/782/910 669/778/908
f 669/778/908 834/782/910 830/780/907
f 1009/783/911 832/784/912 1066/785/913
f 832/784/912 834/782/910 1066/785/913
f 965/786/914 960/787/915 1009/783/911
f 960/787/915 832/784/912 1009/783/911
f 963/788/916 652/789/917 965/786/914
f 965/786/914 652/789/917 960/787/915
f 825/790/918 823/791/919 654/792/920
f 683/793/921 654/792/920 823/791/919
f 888/794/922 1068/795/923 823/791/919
f 823/791/919 1068/795/923 683/793/921
f 1068/795/923 888/794/922 1070/796/924
f 1070/796/924 888/794/922 886/797/925
f 886/797/925 884/798/926 1070/796/924
f 884/798/926 1072/799/927 1070/796/924
f 1074/800/928 1072/799/927 878/801/929
f 1072/799/927 884/798/926 878/801/929
f 1078/802/930 1076/803/931 893/603/729
f 1076/803/931 895/601/727 893/603/729
f 880/804/932 811/805/933 1076/803/931
f 811/805/933 895/601/727 1076/803/931
f 811/805/933 880/804/932 813/806/934
f 813/806/934 880/804/932 821/807/935
f 821/807/935 819/808/936 813/806/934
f 819/808/936 1080/809/937 813/806/934
f 1080/809/937 819/808/936 1082/810/938
f 1082/810/938 819/808/936 816/811/939
f 1046/755/882 1052/760/887 801/756/883
f 1052/760/887 955/812/940 801/756/883
f 843/813/941 1055/814/942 1047/815/943
f 1053/816/944 1047/815/943 1055/814/942
f 837/817/945 1084/818/946 900/819/947
f 1084/818/946 1075/820/948 900/819/947
f 1074/800/928 878/801/929 1078/802/930
f 878/801/929 882/821/949 1078/802/930
f 920/822/950 734/511/643 1085/823/951
f 1091/824/952 1092/825/953 1088/826/954
f 1087/827/955 1088/826/954 1092/825/953
f 1094/828/956 1087/827/955 1095/829/957
f 1087/827/955 1092/825/953 1095/829/957
f 734/511/643 732/510/642 1085/823/951
f 1085/823/951 732/510/642 1097/830/958
f 732/510/642 975/831/959 1097/830/958
f 1095/829/957 1101/830/960 1094/828/956
f 1099/832/961 1094/828/956 1101/830/960
f 1091/824/952 701/833/962 1085/823/951
f 701/833/962 920/822/950 1085/823/951
f 1088/826/954 701/833/962 1091/824/952
f 1016/719/846 1092/825/953 1013/717/844
f 1092/825/953 1091/824/952 1013/717/844
f 1095/829/957 1092/825/953 1016/719/846
f 1097/830/958 1022/834/963 1085/823/951
f 1085/823/951 1022/834/963 1014/718/845
f 1104/835/964 1105/836/965 1103/837/966
f 1102/838/967 1103/837/966 1105/836/965
f 1091/824/952 1085/823/951 1013/717/844
f 1085/823/951 1014/718/845 1013/717/844
f 767/529/660 764/528/660 789/536/660
f 764/528/660 795/539/660 789/536/660
f 1106/839/968 1107/840/969 1109/841/970
f 1107/840/969 1108/842/971 1109/841/970
f 1113/843/972 1110/844/973 1112/845/974
f 1110/844/973 1111/846/975 1112/845/974
f 1112/845/974 1106/839/968 1113/843/972
f 1106/839/968 1109/841/970 1113/843/972
f 1114/847/976 1115/838/977 1116/848/978
f 1120/849/979 1117/841/980 1119/850/981
f 1117/841/980 1118/842/982 1119/850/981
f 1121/851/983 1122/852/984 1113/843/972
f 1113/843/972 1122/852/984 1110/844/973
f 1117/841/980 1120/849/979 1113/843/972
f 1113/843/972 1120/849/979 1121/851/983
f 1104/835/964 1123/853/985 1105/836/965
f 1105/836/965 1123/853/985 1124/850/986
f 1114/847/976 1110/844/973 1122/852/984
f 1096/854/987 1111/846/975 1110/844/973
f 721/503/635 724/855/988 651/504/636
f 710/632/761 724/855/988 721/503/635
f 927/629/758 709/496/628 707/493/625
f 709/496/628 700/495/627 707/493/625
f 1126/856/660 784/535/660 1128/857/660
f 1127/858/989 1129/859/990 1131/860/991
f 1036/861/992 1034/862/993 1134/861/994
f 916/627/756 982/771/898 930/624/753
f 992/863/995 932/626/755 930/624/753
f 1045/864/996 1084/818/946 1047/815/943
f 1084/818/946 685/482/614 1071/865/997
f 1069/866/998 1071/865/997 685/482/614
f 1071/865/997 1073/867/999 1084/818/946
f 1126/856/660 789/536/660 784/535/660
f 1138/868/1000 1137/869/1001 715/870/1002
f 1137/869/1001 717/871/1003 715/870/1002
f 1140/872/1004 1138/868/1000 922/873/1005
f 1138/868/1000 715/870/1002 922/873/1005
f 922/873/1005 952/874/1006 1140/872/1004
f 952/874/1006 1142/875/1007 1140/872/1004
f 952/874/1006 701/833/962 1142/875/1007
f 1005/774/901 996/876/1008 980/689/814
f 996/876/1008 981/688/813 980/689/814
f 1038/877/1009 1028/731/858 1147/877/1010
f 1028/731/858 1145/731/1011 1147/877/1010
f 1031/728/855 1029/729/856 1037/734/861
f 1029/729/856 1039/735/862 1037/734/861
f 1036/861/992 1134/861/994 1030/859/1012
f 1030/859/1012 1134/861/994 1129/859/990
f 818/551/677 827/556/682 815/549/675
f 827/556/682 892/599/725 815/549/675
f 810/546/672 1061/878/1013 1059/879/1014
f 810/546/672 1081/880/1015 873/589/715
f 1081/880/1015 1083/881/1016 873/589/715
f 849/572/698 850/575/701 679/478/610
f 1151/882/1017 1154/883/1018 1150/884/1019
f 1150/884/1019 1154/883/1018 1156/885/1020
f 1160/886/1021 1154/883/1018 1157/887/1022
f 1151/882/1017 1157/887/1022 1154/883/1018
f 1157/887/1022 1161/888/1023 1160/886/1021
f 1161/888/1023 1164/889/1024 1160/886/1021
f 1142/875/1007 701/833/962 1088/826/954
f 1136/884/660 1139/882/1025 1149/884/660
f 1139/882/1025 1152/882/1026 1149/884/660
f 1098/885/1027 1155/885/1027 1093/883/1028
f 1093/883/1028 1155/885/1027 1153/883/1029
f 1158/887/1030 1152/882/1026 1141/887/1031
f 1139/882/1025 1141/887/1031 1152/882/1026
f 1159/886/1032 1086/886/1033 1153/883/1029
f 1086/886/1033 1093/883/1028 1153/883/1029
f 1090/889/1034 1166/889/1035 1144/888/1035
f 1144/888/1035 1166/889/1035 1163/888/1036
f 1089/889/1037 1086/886/1033 1165/889/1038
f 1086/886/1033 1159/886/1032 1165/889/1038
f 1143/888/1039 1162/888/1040 1141/887/1031
f 1141/887/1031 1162/888/1040 1158/887/1030
f 1168/890/1027 1171/891/1027 663/892/1027
f 1171/891/1027 686/893/1027 663/892/1027
f 1065/894/1041 664/469/601 670/471/603
f 1015/895/1042 1020/720/847 1018/722/849
f 1016/719/846 1014/718/845 1021/896/1043
f 1022/834/963 1021/896/1043 1014/718/845
f 1115/838/977 1114/847/976 1102/838/967
f 1103/837/966 1102/838/967 1114/847/976
f 1116/848/978 1100/897/1044 1114/847/976
f 1100/897/1044 1096/854/987 1114/847/976
f 1109/841/970 1108/842/971 1117/841/980
f 1108/842/971 1118/842/982 1117/841/980
f 1123/853/985 1120/849/979 1124/850/986
f 1124/850/986 1120/849/979 1119/850/981
f 1122/852/984 1121/851/983 1104/835/964
f 1123/853/985 1104/835/964 1121/851/983
f 1113/843/972 1109/841/970 1117/841/980
f 1123/853/985 1121/851/983 1120/849/979
f 1104/835/964 1103/837/966 1122/852/984
f 1103/837/966 1114/847/976 1122/852/984
f 1096/854/987 1110/844/973 1114/847/976
f 1096/854/987 1017/898/1045 1111/846/975
f 1112/845/974 1111/846/975 1017/898/1045
f 1106/839/968 1112/845/974 1019/899/1046
f 1017/898/1045 1019/899/1046 1112/845/974
f 1019/899/1046 1025/900/1047 1106/839/968
f 1025/900/1047 1107/840/969 1106/839/968
f 924/901/1048 711/497/629 927/629/758
f 817/550/676 820/552/678 818/551/677
f 1173/902/660 788/903/660 1125/904/660
f 1174/905/353 1172/906/353 1167/907/353
f 1172/906/353 1170/908/353 1167/907/353
f 769/909/1049 1176/910/1049 665/911/1049
f 1176/910/1049 1169/912/1049 665/911/1049
f 902/605/731 685/482/614 1043/913/1050
f 1084/818/946 1043/913/1050 685/482/614
f 685/482/614 684/483/615 1069/866/998
f 690/486/618 662/914/1027 687/484/616
f 666/915/1027 662/914/1027 1011/916/1027
f 967/713/839 1066/785/913 1012/712/838
f 1066/785/913 667/781/909 1012/712/838
f 834/782/910 667/781/909 1066/785/913
f 768/917/1051 664/469/601 1065/894/1041
f 768/917/1051 1065/894/1041 1063/918/1052
f 772/919/1053 768/917/1051 1063/918/1052
f 771/716/843 1062/778/905 1001/738/865
f 1001/738/865 1062/778/905 844/779/906
f 983/920/1054 914/921/1055 912/922/1056
f 983/920/1054 912/922/1056 985/923/1057
f 912/922/1056 910/924/1058 985/923/1057
f 1040/925/1059 1038/877/1009 1147/877/1010
f 786/725/852 777/727/854 1027/730/857
f 1027/730/857 777/727/854 1033/926/1060
f 1033/926/1060 777/727/854 775/927/660
f 662/914/1027 690/486/618 1011/916/1027
f 652/789/917 963/788/916 654/792/920
f 963/788/916 825/790/918 654/792/920
f 827/556/682 826/555/681 964/664/792
f 1084/818/946 1073/867/999 1075/820/948
f 818/551/677 885/595/721 887/596/722
f 883/594/720 881/592/718 1077/928/1061
f 955/812/940 1052/760/887 1051/758/885
f 1050/929/1062 855/577/703 954/930/1062
f 836/565/691 899/604/730 838/564/690
f 897/602/728 838/564/690 899/604/730
f 810/546/672 839/658/786 898/660/788
f 1048/757/884 1054/759/886 840/562/688
f 840/562/688 1054/759/886 842/563/689
f 1047/815/943 1084/818/946 843/813/941
f 843/813/941 1084/818/946 837/817/945
f 810/546/672 1057/931/1063 841/657/785
f 1057/931/1063 1049/932/1064 841/657/785
f 894/933/1065 900/819/947 1079/934/1066
f 900/819/947 1075/820/948 1079/934/1066
f 685/482/614 904/606/732 656/466/598
f 659/467/599 656/466/598 904/606/732
f 742/514/646 864/581/707 948/642/770
f 1084/818/946 1045/864/996 1043/913/1050
f 858/578/704 862/580/706 853/576/702
f 1059/879/1014 1057/931/1063 810/546/672
f 870/584/710 862/580/706 865/586/712
f 862/580/706 860/579/705 865/586/712
f 1060/765/892 876/770/897 861/766/893
f 876/770/897 866/768/895 861/766/893
f 810/546/672 873/589/715 1061/878/1013
f 873/589/715 877/591/717 1061/878/1013
f 815/549/675 1178/935/1067 817/550/676
f 816/811/939 1177/936/1068 1082/810/938
f 1082/810/938 1177/936/1068 1179/937/1069
f 873/589/715 1083/881/1016 1180/938/1070
f 822/553/679 879/593/719 818/551/677
f 814/548/674 1081/880/1015 810/546/672
f 1181/939/1071 1184/940/1072 1186/941/1073
f 1188/464/1074 1189/466/1075 1192/465/1076
f 1189/466/1075 1194/468/1077 1196/942/1078
f 1196/942/1078 1198/606/1079 1189/466/1075
f 1198/606/1079 1199/482/1080 1189/466/1075
f 1200/469/1081 1204/471/1082 1206/943/1083
f 1210/944/1084 1212/945/1085 1209/946/1086
f 1209/946/1086 1212/945/1085 1213/947/1087
f 1215/948/1088 1216/949/1089 1217/950/1090
f 1218/951/1091 682/481/613 681/480/612
f 687/484/616 1219/486/1092 688/485/617
f 1222/952/1093 694/489/621 1221/953/1094
f 692/490/622 1221/953/1094 694/489/621
f 1221/953/1094 1224/954/1095 1222/952/1093
f 1226/955/1096 1228/956/1097 1182/957/1098
f 1182/957/1098 1228/956/1097 1231/958/1099
f 1232/959/1100 1234/960/1101 1236/961/1102
f 1241/962/1103 719/501/633 1239/963/1104
f 1239/963/1104 719/501/633 718/502/634
f 1242/503/1105 1243/505/1106 1183/504/1107
f 1234/960/1101 1232/959/1100 1245/964/1108
f 1246/965/1109 1248/966/1110 1251/967/1111
f 1253/510/1112 1256/512/1113 1260/511/1114
f 1261/968/1115 1225/969/1116 1181/939/1071
f 1265/970/1117 1267/971/1118 1263/972/1119
f 1263/972/1119 1267/971/1118 1268/973/1120
f 1265/970/1117 749/519/651 1267/971/1118
f 1271/974/1121 1273/975/1122 1269/976/1123
f 1269/976/1123 1273/975/1122 1274/977/1124
f 1275/978/1125 1261/968/1115 1186/941/1073
f 1261/968/1115 1181/939/1071 1186/941/1073
f 1277/979/1126 1269/976/1123 681/480/612
f 1269/976/1123 1218/951/1091 681/480/612
f 1280/528/660 1283/530/660 1287/529/660
f 1133/535/660 1291/537/660 1296/536/660
f 1292/537/1127 1301/539/1127 1303/538/1127
f 1226/955/1096 1306/980/1128 1228/956/1097
f 803/542/668 1213/947/1087 805/543/669
f 1213/947/1087 803/542/668 1209/946/1086
f 1307/981/1129 1309/982/1130 1311/983/1131
f 815/549/675 1312/984/1132 1314/985/1133
f 1312/984/1132 1316/986/1134 1318/987/1135
f 1320/988/1136 1321/989/1137 1323/990/1138
f 1190/557/1139 1325/991/1140 1327/558/1141
f 1325/991/1140 1329/560/1142 1331/992/1143
f 1336/562/1144 1338/564/1145 1334/563/1146
f 1332/565/1147 1334/563/1146 1338/564/1145
f 1341/993/1148 1343/566/1149 1345/994/1150
f 1343/566/1149 1190/557/1139 1327/558/1141
f 1346/995/1151 1347/569/1152 1348/568/1153
f 1346/995/1151 1350/570/1154 1347/569/1152
f 1350/570/1154 1352/996/1155 1347/569/1152
f 1217/950/1090 1216/949/1089 849/572/698
f 851/573/699 850/575/701 1353/997/1156
f 850/575/701 1216/949/1089 1353/997/1156
f 1353/997/1156 1216/949/1089 1215/948/1088
f 1355/998/1157 1358/999/1158 1360/1000/1159
f 1356/1001/1160 1361/1002/1161 1362/1003/1162
f 1364/1004/1163 1366/1005/1164 1354/1006/1165
f 1361/1002/1161 1354/1006/1165 1366/1005/1164
f 869/583/709 867/585/711 1369/1007/1166
f 1367/1008/1167 1369/1007/1166 867/585/711
f 869/583/709 1370/1009/1168 749/519/651
f 872/588/714 682/481/613 1274/977/1124
f 682/481/613 1218/951/1091 1274/977/1124
f 873/589/715 1372/1010/1169 875/590/716
f 1316/986/1134 1374/1011/1170 1378/1012/1171
f 1374/1011/1170 1376/1013/1172 1378/1012/1171
f 1374/1011/1170 1312/984/1132 1380/1014/1173
f 1321/989/1137 892/599/725 1381/1015/1174
f 1381/1015/1174 892/599/725 891/600/726
f 1386/602/1175 1388/601/1176 1384/604/1177
f 1382/603/1178 1384/604/1177 1388/601/1176
f 1199/482/1080 1198/606/1079 1391/1016/1179
f 1274/977/1124 1392/1017/1180 872/588/714
f 1392/1017/1180 905/608/734 872/588/714
f 1217/950/1090 907/609/735 1392/1017/1180
f 905/608/734 1392/1017/1180 907/609/735
f 692/490/622 851/573/699 1221/953/1094
f 1353/997/1156 1221/953/1094 851/573/699
f 1274/977/1124 1224/954/1095 1392/1017/1180
f 1215/948/1088 1217/950/1090 1224/954/1095
f 1392/1017/1180 1224/954/1095 1217/950/1090
f 1215/948/1088 1224/954/1095 1353/997/1156
f 1224/954/1095 1221/953/1094 1353/997/1156
f 1366/1005/1164 1369/1007/1166 1361/1002/1161
f 1273/975/1122 1210/944/1084 1209/946/1086
f 1393/1018/1181 911/612/739 1241/962/1103
f 719/501/633 1241/962/1103 911/612/739
f 1393/1018/1181 1241/962/1103 1396/1019/1182
f 1241/962/1103 1395/1020/1183 1396/1019/1182
f 1400/615/1184 1404/617/1185 1250/616/1185
f 1404/617/1185 1247/618/1186 1250/616/1185
f 1246/965/1109 1402/1021/1187 1407/1022/1188
f 1408/1023/1189 1259/1024/1190 1406/1022/1191
f 1406/1022/1191 1259/1024/1190 1211/945/1192
f 1407/1022/1188 1212/945/1085 1210/944/1084
f 1395/1020/1183 1241/962/1103 1410/1025/1193
f 1241/962/1103 1239/963/1104 1410/1025/1193
f 1418/1026/1194 1413/1027/1195 1416/1028/1196
f 1413/1027/1195 1415/1029/1197 1416/1028/1196
f 1398/1030/1198 1420/1031/1199 1416/1028/1196
f 1416/1028/1196 1420/1031/1199 1418/1026/1194
f 1232/959/1100 1236/961/1102 1417/1032/1200
f 1347/569/1152 1243/505/1106 1348/568/1153
f 1243/505/1106 1347/569/1152 1185/630/1201
f 1396/1019/1182 1395/1020/1183 1419/1033/1202
f 1395/1020/1183 1421/1034/1203 1419/1033/1202
f 1399/1035/1204 1422/1036/1205 1232/959/1100
f 1422/1036/1205 1399/1035/1204 1251/967/1111
f 1421/1034/1203 1403/1021/1206 1419/1033/1202
f 1399/1035/1204 1419/1033/1202 1403/1021/1206
f 1424/631/1207 1249/634/1208 1346/995/1151
f 1249/634/1208 1426/635/1209 1346/995/1151
f 1425/1037/1210 1246/965/1109 1210/944/1084
f 1349/1038/1211 1425/1037/1210 1273/975/1122
f 1423/636/1212 1249/634/1208 1424/631/1207
f 977/1039/1213 1429/1040/1213 975/831/959
f 1429/1040/1213 1431/831/1214 975/831/959
f 1437/1041/1215 1441/1042/1216 1434/1043/1216
f 1434/1043/1216 1441/1042/1216 1444/1044/1217
f 1261/968/1115 1446/1045/1218 1225/969/1116
f 1225/969/1116 1446/1045/1218 1448/1046/1219
f 1262/643/1220 1449/645/1221 1447/644/1222
f 1268/973/1120 1448/1046/1219 1263/972/1119
f 1448/1046/1219 1446/1045/1218 1263/972/1119
f 1447/644/1222 1449/645/1221 1264/646/1223
f 1449/645/1221 1266/647/1224 1264/646/1223
f 681/480/612 749/519/651 1277/979/1126
f 1277/979/1126 749/519/651 1265/970/1117
f 1449/645/1221 1278/648/1225 1266/647/1224
f 1273/975/1122 1271/974/1121 1349/1038/1211
f 1449/645/1221 1272/650/1226 1270/649/1227
f 1351/1047/1228 1275/978/1125 1186/941/1073
f 1272/650/1226 1449/645/1221 1276/651/1229
f 1449/645/1221 1262/643/1220 1276/651/1229
f 1218/951/1091 1269/976/1123 1274/977/1124
f 1449/645/1221 1270/649/1227 1278/648/1225
f 1306/980/1128 1226/955/1096 1355/998/1157
f 1226/955/1096 1365/1048/1230 1355/998/1157
f 1421/1034/1203 1395/1020/1183 1450/1049/1231
f 1395/1020/1183 1410/1025/1193 1450/1049/1231
f 1403/1021/1206 1421/1034/1203 1450/1049/1231
f 1401/1021/1232 1408/1023/1189 1406/1022/1191
f 1306/980/1128 1355/998/1157 1453/1050/1233
f 1453/1050/1233 1355/998/1157 1360/1000/1159
f 1337/1051/1234 1307/981/1129 1339/1052/1235
f 1389/1053/1236 1387/1054/1237 1311/983/1131
f 1387/1054/1237 1307/981/1129 1311/983/1131
f 1189/466/1075 1455/1055/1238 1194/468/1077
f 1458/662/1239 1189/466/1075 1188/464/1074
f 803/542/668 693/489/793 1209/946/1086
f 693/489/793 1223/952/1240 1209/946/1086
f 1243/505/1106 1185/630/1201 1183/504/1107
f 1465/1056/1241 1381/1015/1174 1463/1057/1242
f 1381/1015/1174 1461/1058/1243 1463/1057/1242
f 1381/1015/1174 1467/1059/1244 1461/1058/1243
f 891/600/726 972/667/796 1381/1015/1174
f 1467/1059/1244 1381/1015/1174 972/667/796
f 1435/1060/1245 1445/1061/1246 1432/1062/1247
f 1432/1062/1247 1445/1061/1246 1254/1063/1248
f 1443/672/1249 1440/674/1250 1252/673/1250
f 1252/673/1250 1440/674/1250 1255/675/1251
f 1442/679/1252 1438/677/1253 1258/678/1253
f 1258/678/1253 1438/677/1253 1427/676/1254
f 1436/680/1255 1433/682/1256 1439/681/1256
f 1430/683/1257 1439/681/1256 1433/682/1256
f 1293/684/1258 1304/686/1258 1297/685/1258
f 1298/687/1259 1294/685/1259 1302/686/1259
f 1471/1064/1260 1468/1065/1261 1396/1019/1262
f 1468/1065/1261 1469/1066/1263 1396/1019/1262
f 986/691/816 1469/1066/1263 987/692/817
f 1469/1066/1263 1468/1065/1261 987/692/817
f 1248/966/1110 1422/1036/1205 1251/967/1111
f 1209/946/1086 1223/952/1240 1273/975/1122
f 1223/952/1240 1274/977/1124 1273/975/1122
f 1214/947/1264 1211/945/1192 1257/1067/1265
f 1211/945/1192 1259/1024/1190 1257/1067/1265
f 1428/1068/1266 1214/947/1264 1257/1067/1265
f 1214/947/1264 1428/1068/1266 804/543/824
f 1246/965/1109 1407/1022/1188 1210/944/1084
f 1299/699/1267 1474/701/1268 1279/700/1269
f 1474/701/1268 1476/702/1270 1279/700/1269
f 1459/1069/1271 1329/560/1142 1190/557/1139
f 1190/557/1139 1329/560/1142 1325/991/1140
f 1008/705/831 1479/707/1272 1003/706/832
f 1003/706/832 1479/707/1272 1290/708/1273
f 1290/708/1273 1479/707/1272 1299/699/1267
f 1479/707/1272 1474/701/1268 1299/699/1267
f 1460/713/1274 1466/711/1275 1480/712/1276
f 1480/712/1276 1466/711/1275 1220/710/1277
f 971/714/841 689/706/840 1466/711/1275
f 1220/710/1277 1466/711/1275 689/706/840
f 1476/702/1270 1482/715/1278 1279/700/1269
f 1482/715/1278 1282/716/1279 1279/700/1269
f 1484/717/1280 1486/719/1281 1488/718/1282
f 1492/720/1283 1490/722/1284 1023/721/848
f 1490/722/1284 1024/723/850 1023/721/848
f 1288/533/1285 773/531/661 1004/724/851
f 1132/725/1286 1494/727/1287 1289/726/1288
f 773/531/661 1288/533/1285 774/532/662
f 1288/533/1285 1493/534/1289 774/532/662
f 1369/1007/1166 1366/1005/1164 1370/1009/1168
f 869/583/709 1369/1007/1166 1370/1009/1168
f 1370/1009/1168 1267/971/1118 749/519/651
f 1370/1009/1168 1366/1005/1164 1267/971/1118
f 1366/1005/1164 1268/973/1120 1267/971/1118
f 1364/1004/1163 1448/1046/1219 1366/1005/1164
f 1448/1046/1219 1268/973/1120 1366/1005/1164
f 1130/728/1290 1146/729/1291 1132/725/1286
f 1132/725/1286 1146/729/1291 1496/730/1292
f 1135/734/1293 1035/736/863 1148/735/1294
f 1035/736/863 1041/737/864 1148/735/1294
f 1424/631/1207 1346/995/1151 1348/568/1153
f 1242/503/1105 1424/631/1207 1348/568/1153
f 1234/960/1101 1245/964/1108 1497/1070/1295
f 1245/964/1108 1184/940/1072 1497/1070/1295
f 1243/505/1106 1242/503/1105 1348/568/1153
f 1344/738/1296 1482/715/1278 1340/739/1297
f 1340/739/1297 1482/715/1278 1499/740/1298
f 1414/741/1299 1454/742/1300 1499/740/1298
f 1454/742/1300 1340/739/1297 1499/740/1298
f 1193/743/1301 1454/742/1300 1412/744/1302
f 1454/742/1300 1414/741/1299 1412/744/1302
f 1237/745/1303 1195/746/1304 1412/744/1302
f 1193/743/1301 1412/744/1302 1195/746/1304
f 1237/745/1303 1235/747/1305 1195/746/1304
f 1235/747/1305 1197/748/1306 1195/746/1304
f 1197/748/1306 1235/747/1305 1390/749/1307
f 1235/747/1305 1498/750/1308 1390/749/1307
f 1390/749/1307 1498/750/1308 1501/751/1309
f 1230/752/1310 1501/751/1309 1498/750/1308
f 1501/751/1309 1230/752/1310 1503/753/1311
f 1230/752/1310 1227/754/1312 1503/753/1311
f 1505/755/1313 1503/753/1311 1305/756/1314
f 1305/756/1314 1503/753/1311 1227/754/1312
f 1359/762/1315 1507/761/1316 1511/758/1317
f 1507/761/1316 1509/757/1318 1511/758/1317
f 1507/761/1316 1359/762/1315 1513/763/1319
f 1357/764/1320 1513/763/1319 1359/762/1315
f 1357/764/1320 1363/766/1321 1513/763/1319
f 1513/763/1319 1363/766/1321 1515/765/1322
f 868/767/894 874/769/896 1368/768/1323
f 1371/770/1324 1368/768/1323 874/769/896
f 1416/1028/1196 1500/1071/1325 1477/1072/1326
f 1483/1073/1327 1477/1072/1326 1500/1071/1325
f 1416/1028/1196 1477/1072/1326 1472/1074/1328
f 1477/1072/1326 1475/1075/1329 1472/1074/1328
f 1478/1076/1330 1007/775/902 1468/1065/1261
f 1007/775/902 987/692/817 1468/1065/1261
f 1482/715/1278 1344/738/1296 1282/716/1279
f 1520/776/1331 1518/778/1332 1326/777/1333
f 1518/778/1332 1342/779/1334 1326/777/1333
f 1520/776/1331 1326/777/1333 1205/778/1335
f 1326/777/1333 1324/780/1336 1205/778/1335
f 1207/781/1337 1205/778/1335 1330/782/1338
f 1205/778/1335 1324/780/1336 1330/782/1338
f 1330/782/1338 1521/785/1339 1207/781/1337
f 1462/783/1340 1521/785/1339 1328/784/1341
f 1328/784/1341 1521/785/1339 1330/782/1338
f 1464/786/1342 1462/783/1340 1457/787/1343
f 1462/783/1340 1328/784/1341 1457/787/1343
f 1523/788/1344 1464/786/1342 1187/789/1345
f 1464/786/1342 1457/787/1343 1187/789/1345
f 1322/790/1346 1191/792/1347 1319/791/1348
f 1525/793/1349 1319/791/1348 1191/792/1347
f 1529/794/1350 1319/791/1348 1527/795/1351
f 1319/791/1348 1525/793/1349 1527/795/1351
f 1527/795/1351 1531/796/1352 1529/794/1350
f 1531/796/1352 1533/797/1353 1529/794/1350
f 1533/797/1353 1531/796/1352 1379/798/1354
f 1531/796/1352 1535/799/1355 1379/798/1354
f 1537/800/1356 1373/801/1357 1535/799/1355
f 1373/801/1357 1379/798/1354 1535/799/1355
f 1539/803/1358 1388/601/1176 1377/804/1359
f 1310/805/1360 1377/804/1359 1388/601/1176
f 1310/805/1360 1308/806/1361 1377/804/1359
f 1308/806/1361 1315/807/1362 1377/804/1359
f 1315/807/1362 1308/806/1361 1317/808/1363
f 1308/806/1361 1541/809/1364 1317/808/1363
f 1313/811/1365 1317/808/1363 1543/810/1366
f 1543/810/1366 1317/808/1363 1541/809/1364
f 1505/755/1313 1305/756/1314 1545/1077/1367
f 1305/756/1314 1452/812/1368 1545/1077/1367
f 1548/1078/1369 1335/1079/1370 1546/1080/1371
f 1546/1080/1371 1335/1079/1370 1506/815/1372
f 1506/815/1372 1335/1079/1370 1549/818/1373
f 1335/1079/1370 1333/1081/1374 1549/818/1373
f 1537/800/1356 1550/802/1375 1373/801/1357
f 1373/801/1357 1550/802/1375 1375/821/1376
f 1409/822/1377 1552/823/1378 1260/511/1114
f 1556/824/1379 1559/826/1380 1555/825/1381
f 1553/827/1382 1555/825/1381 1559/826/1380
f 1560/828/1383 1563/829/1384 1553/827/1382
f 1563/829/1384 1555/825/1381 1553/827/1382
f 1260/511/1114 1552/823/1378 1253/510/1112
f 1552/823/1378 1097/830/958 1253/510/1112
f 1253/510/1112 1097/830/958 1431/831/1214
f 1563/829/1384 1560/828/1383 1101/830/960
f 1099/832/961 1101/830/960 1560/828/1383
f 1556/824/1379 1552/823/1378 1405/833/1385
f 1405/833/1385 1552/823/1378 1409/822/1377
f 1559/826/1380 1556/824/1379 1405/833/1385
f 1486/719/1281 1484/717/1280 1555/825/1381
f 1555/825/1381 1484/717/1280 1556/824/1379
f 1563/829/1384 1486/719/1281 1555/825/1381
f 1097/830/958 1552/823/1378 1022/834/963
f 1552/823/1378 1488/718/1282 1022/834/963
f 1564/835/1386 1565/837/1387 1105/836/965
f 1102/838/967 1105/836/965 1565/837/1387
f 1556/824/1379 1484/717/1280 1552/823/1378
f 1484/717/1280 1488/718/1282 1552/823/1378
f 1287/529/660 1296/536/660 1280/528/660
f 1296/536/660 1300/539/660 1280/528/660
f 1566/839/1388 1567/841/1389 1107/840/969
f 1567/841/1389 1108/842/971 1107/840/969
f 1569/843/1390 1570/845/1391 1568/844/1392
f 1568/844/1392 1570/845/1391 1571/846/1393
f 1570/845/1391 1569/843/1390 1566/839/1388
f 1569/843/1390 1567/841/1389 1566/839/1388
f 1572/847/1394 1116/848/978 1115/838/977
f 1574/849/1395 1119/850/981 1573/841/1396
f 1573/841/1396 1119/850/981 1118/842/982
f 1576/851/1397 1569/843/1390 1575/852/1398
f 1569/843/1390 1568/844/1392 1575/852/1398
f 1573/841/1396 1569/843/1390 1574/849/1395
f 1569/843/1390 1576/851/1397 1574/849/1395
f 1564/835/1386 1105/836/965 1577/853/1399
f 1105/836/965 1124/850/986 1577/853/1399
f 1572/847/1394 1575/852/1398 1568/844/1392
f 1562/854/1400 1568/844/1392 1571/846/1393
f 1242/503/1105 1183/504/1107 1244/855/1401
f 1233/1082/1402 1242/503/1105 1244/855/1401
f 1126/856/660 1128/857/660 1133/535/660
f 1398/1030/1198 1416/1028/1196 1472/1074/1328
f 1500/1071/1325 1416/1028/1196 1415/1029/1197
f 1504/864/1403 1506/815/1372 1549/818/1373
f 1549/818/1373 1532/865/1404 1199/482/1080
f 1528/1083/1405 1199/482/1080 1532/865/1404
f 1532/865/1404 1549/818/1373 1536/1084/1406
f 1126/856/660 1133/535/660 1296/536/660
f 1579/868/1407 1240/870/1408 1137/869/1001
f 1137/869/1001 1240/870/1408 717/871/1003
f 1581/872/1409 1411/873/1410 1579/868/1407
f 1579/868/1407 1411/873/1410 1240/870/1408
f 1411/873/1410 1581/872/1409 1451/874/1411
f 1581/872/1409 1584/875/1412 1451/874/1411
f 1451/874/1411 1584/875/1412 1405/833/1385
f 1478/1076/1330 1468/1065/1261 1473/1085/1413
f 1468/1065/1261 1471/1064/1260 1473/1085/1413
f 1130/728/1290 1135/734/1293 1146/729/1291
f 1135/734/1293 1148/735/1294 1146/729/1291
f 1312/984/1132 815/549/675 1321/989/1137
f 815/549/675 892/599/725 1321/989/1137
f 1307/981/1129 1514/1086/1414 1516/1087/1415
f 1307/981/1129 873/589/715 1542/1088/1416
f 873/589/715 1544/1089/1417 1542/1088/1416
f 1424/631/1207 1233/1082/1402 1423/636/1212
f 849/572/698 1216/949/1089 850/575/701
f 1588/882/1418 1150/884/1019 1585/883/1419
f 1150/884/1019 1156/885/1020 1585/883/1419
f 1589/886/1420 1592/887/1421 1585/883/1419
f 1588/882/1418 1585/883/1419 1592/887/1421
f 1592/887/1421 1589/886/1420 1595/888/1422
f 1595/888/1422 1589/886/1420 1597/889/1423
f 1584/875/1412 1559/826/1380 1405/833/1385
f 1136/884/660 1149/884/660 1578/882/1424
f 1149/884/660 1587/882/1425 1578/882/1424
f 1586/883/1426 1155/885/1027 1561/883/1427
f 1561/883/1427 1155/885/1027 1098/885/1027
f 1591/887/1428 1580/887/1429 1587/882/1425
f 1578/882/1424 1587/882/1425 1580/887/1429
f 1590/886/1430 1586/883/1426 1554/886/1431
f 1554/886/1431 1586/883/1426 1561/883/1427
f 1582/888/1432 1593/888/1433 1557/889/1433
f 1593/888/1433 1596/889/1434 1557/889/1433
f 1554/886/1431 1558/889/1435 1590/886/1430
f 1558/889/1435 1598/889/1436 1590/886/1430
f 1580/887/1429 1591/887/1428 1583/888/1437
f 1591/887/1428 1594/888/1438 1583/888/1437
f 1601/890/1027 1203/892/1027 1171/891/1027
f 1203/892/1027 686/893/1027 1171/891/1027
f 1519/894/1439 1204/471/1082 1200/469/1081
f 1487/895/1440 1490/722/1284 1492/720/1283
f 1486/719/1281 1491/896/1441 1488/718/1282
f 1022/834/963 1488/718/1282 1491/896/1441
f 1115/838/977 1102/838/967 1572/847/1394
f 1565/837/1387 1572/847/1394 1102/838/967
f 1116/848/978 1572/847/1394 1100/897/1044
f 1100/897/1044 1572/847/1394 1562/854/1400
f 1567/841/1389 1573/841/1396 1108/842/971
f 1573/841/1396 1118/842/982 1108/842/971
f 1577/853/1399 1124/850/986 1574/849/1395
f 1124/850/986 1119/850/981 1574/849/1395
f 1575/852/1398 1564/835/1386 1576/851/1397
f 1577/853/1399 1576/851/1397 1564/835/1386
f 1569/843/1390 1573/841/1396 1567/841/1389
f 1577/853/1399 1574/849/1395 1576/851/1397
f 1564/835/1386 1575/852/1398 1565/837/1387
f 1575/852/1398 1572/847/1394 1565/837/1387
f 1562/854/1400 1572/847/1394 1568/844/1392
f 1562/854/1400 1571/846/1393 1485/898/1442
f 1570/845/1391 1485/898/1442 1571/846/1393
f 1566/839/1388 1489/899/1443 1570/845/1391
f 1485/898/1442 1570/845/1391 1489/899/1443
f 1489/899/1443 1566/839/1388 1025/900/1047
f 1566/839/1388 1107/840/969 1025/900/1047
f 1413/1027/1195 1418/1026/1194 1238/1090/1444
f 1417/1032/1200 1419/1033/1202 1232/959/1100
f 1232/959/1100 1419/1033/1202 1399/1035/1204
f 1314/985/1133 1312/984/1132 1318/987/1135
f 1295/903/660 1173/902/660 1125/904/660
f 1603/905/353 1600/907/353 1172/906/353
f 1600/907/353 1170/908/353 1172/906/353
f 1285/909/1445 1201/911/1445 1602/910/1445
f 1201/911/1445 1599/912/1445 1602/910/1445
f 1199/482/1080 1528/1083/1405 1526/483/1446
f 1219/486/1092 687/484/616 1202/914/1027
f 1208/915/1027 1481/916/1027 1202/914/1027
f 1460/713/1274 1480/712/1276 1521/785/1339
f 1521/785/1339 1480/712/1276 1207/781/1337
f 1284/917/1447 1519/894/1439 1200/469/1081
f 1284/917/1447 1517/918/1448 1519/894/1439
f 1281/1091/1449 1517/918/1448 1284/917/1447
f 1518/778/1332 1282/716/1279 1342/779/1334
f 1344/738/1296 1342/779/1334 1282/716/1279
f 1470/920/1450 1394/922/1451 1397/921/1452
f 1470/920/1450 985/923/1057 1394/922/1451
f 1394/922/1451 985/923/1057 910/924/1058
f 1132/725/1286 1496/730/1292 1494/727/1287
f 1496/730/1292 1033/926/1060 1494/727/1287
f 1033/926/1060 775/927/660 1494/727/1287
f 1202/914/1027 1481/916/1027 1219/486/1092
f 1465/1056/1241 1524/1092/1453 1381/1015/1174
f 1321/989/1137 1381/1015/1174 1524/1092/1453
f 1187/789/1345 1191/792/1347 1523/788/1344
f 1523/788/1344 1191/792/1347 1322/790/1346
f 1321/989/1137 1524/1092/1453 1323/990/1138
f 1199/482/1080 1526/483/1446 1189/466/1075
f 1192/465/1076 1189/466/1075 1526/483/1446
f 1549/818/1373 1538/820/1454 1536/1084/1406
f 1312/984/1132 1534/1093/1455 1380/1014/1173
f 1181/939/1071 1229/1094/1456 1184/940/1072
f 1497/1070/1295 1184/940/1072 1229/1094/1456
f 1549/818/1373 1199/482/1080 1502/913/1457
f 1199/482/1080 1391/1016/1179 1502/913/1457
f 1376/1013/1172 1540/1095/1458 1378/1012/1171
f 1550/802/1375 1539/803/1358 1375/821/1376
f 1545/1077/1367 1511/758/1317 1547/1096/1459
f 1547/1096/1459 1511/758/1317 1509/757/1318
f 1512/1097/1460 1453/1050/1233 1360/1000/1159
f 1538/820/1454 1549/818/1373 1385/1098/1461
f 1549/818/1373 1333/1081/1374 1385/1098/1461
f 1332/565/1147 1338/564/1145 1384/604/1177
f 1386/602/1175 1384/604/1177 1338/564/1145
f 1307/981/1129 1387/1054/1237 1339/1052/1235
f 1509/757/1318 1336/562/1144 1547/1096/1459
f 1336/562/1144 1334/563/1146 1547/1096/1459
f 1510/1099/1462 1508/1100/1463 1337/1051/1234
f 1307/981/1129 1337/1051/1234 1508/1100/1463
f 1385/1098/1461 1383/1101/1464 1538/820/1454
f 1383/1101/1464 1551/1102/1465 1538/820/1454
f 1312/984/1132 1321/989/1137 1534/1093/1455
f 1321/989/1137 1530/1103/1466 1534/1093/1455
f 1225/969/1116 1448/1046/1219 1364/1004/1163
f 1549/818/1373 1502/913/1457 1504/864/1403
f 1356/1001/1160 1354/1006/1165 1361/1002/1161
f 1514/1086/1414 1307/981/1129 1508/1100/1463
f 1369/1007/1166 1367/1008/1167 1361/1002/1161
f 1361/1002/1161 1367/1008/1167 1362/1003/1162
f 1515/765/1322 1363/766/1321 1371/770/1324
f 1371/770/1324 1363/766/1321 1368/768/1323
f 1307/981/1129 1516/1087/1415 873/589/715
f 873/589/715 1516/1087/1415 1372/1010/1169
f 815/549/675 1314/985/1133 1178/935/1067
f 1179/937/1069 1177/936/1068 1543/810/1366
f 1543/810/1366 1177/936/1068 1313/811/1365
f 873/589/715 1180/938/1070 1544/1089/1417
f 1316/986/1134 1312/984/1132 1374/1011/1170
f 1309/982/1130 1307/981/1129 1542/1088/1416
f 1028/731/858 1032/733/860 1145/731/1011
f 1145/731/1011 1032/733/860 1495/732/1467
f 1127/858/989 1030/859/1012 1129/859/990
f 1127/858/989 785/860/1468 1030/859/1012
f 1425/1037/1210 1248/966/1110 1246/965/1109
f 908/610/736 676/472/604 726/507/639
f 1346/995/1151 1426/635/1209 1350/570/1154
f 908/610/736 753/522/654 676/472/604
f 1273/975/1122 1425/1037/1210 1210/944/1084
f 722/505/637 651/504/636 649/630/759
f 934/633/762 729/509/641 727/508/640
f 1274/977/1124 1222/952/1093 1224/954/1095
f 1097/830/958 975/831/959 1431/831/1214
f 681/480/612 762/527/659 749/519/651
f 762/527/659 747/515/647 749/519/651
f 962/1069/1469 657/557/683 833/560/686
f 657/557/683 831/559/685 833/560/686
f 959/1104/1470 1000/703/829 657/557/683
f 657/557/683 1000/703/829 845/566/692
f 1456/1105/1471 1190/557/1139 1341/993/1148
f 1190/557/1139 1343/566/1149 1341/993/1148
f 827/556/682 889/597/723 824/554/680
f 1321/989/1137 1320/988/1136 1530/1103/1466
f 1010/709/835 1067/1106/1472 968/665/794
f 1463/1057/1242 1461/1058/1243 1522/1107/1473
f 678/477/609 907/609/735 849/572/698
f 1217/950/1090 849/572/698 907/609/735
f 804/543/824 1428/1068/1266 978/698/823
f 1550/802/1375 1382/603/1178 1539/803/1358
f 1539/803/1358 1382/603/1178 1388/601/1176
f 1078/802/930 882/821/949 1076/803/931
f 1452/812/1368 1511/758/1317 1545/1077/1367
f 753/522/654 671/473/605 676/472/604
f 1242/503/1105 1233/1082/1402 1424/631/1207
f 710/632/761 933/631/760 935/636/765
f 1173/902/660 1295/903/660 1604/1108/660
f 1604/1108/660 1295/903/660 1286/1109/660
f 1173/902/660 1175/1108/660 788/903/660
f 1175/1108/660 766/1109/660 788/903/660
f 1185/630/1201 1347/569/1152 1352/996/1155
f 759/524/656 648/462/594 760/525/657
f 758/571/697 848/569/695 649/630/759
f 1271/974/1121 1275/978/1125 1349/1038/1211
f 1275/978/1125 1351/1047/1228 1349/1038/1211
f 1605/1110/1474 1611/1111/1475 1606/1112/1476
f 1611/1111/1475 1612/1113/1477 1606/1112/1476
f 1606/1112/1476 1612/1113/1477 1607/1114/1478
f 1612/1113/1477 1613/1115/1479 1607/1114/1478
f 1608/1116/1480 1607/1114/1478 1614/1117/1481
f 1607/1114/1478 1613/1115/1479 1614/1117/1481
f 1608/1116/1480 1614/1117/1481 1609/1118/1482
f 1614/1117/1481 1634/1119/1483 1609/1118/1482
f 1615/1120/1484 1611/1111/1475 1610/1121/1485
f 1610/1121/1485 1611/1111/1475 1605/1110/1474
f 1611/1111/1475 1616/1122/1486 1612/1113/1477
f 1616/1122/1486 1617/1123/1487 1612/1113/1477
f 1612/1113/1477 1617/1123/1487 1613/1115/1479
f 1617/1123/1487 1618/1124/1488 1613/1115/1479
f 1614/1117/1481 1613/1115/1479 1619/1125/1489
f 1613/1115/1479 1618/1124/1488 1619/1125/1489
f 1634/1119/1483 1633/1126/1490 1620/1127/1491
f 1615/1120/1484 1621/1128/1492 1629/1129/1493
f 1616/1122/1486 1623/1130/1494 1617/1123/1487
f 1623/1130/1494 1624/1131/1495 1617/1123/1487
f 1617/1123/1487 1624/1131/1495 1618/1124/1488
f 1619/1125/1489 1618/1124/1488 1625/1132/1496
f 1618/1124/1488 1624/1131/1495 1625/1132/1496
f 1629/1129/1493 1635/1133/1497 1615/1120/1484
f 1622/1130/1498 1635/1133/1497 1630/1134/1499
f 1630/1134/1499 1635/1133/1497 1629/1129/1493
f 1622/1130/1498 1631/1135/1500 1637/1136/1501
f 1637/1136/1501 1631/1135/1500 1626/1132/1502
f 1626/1132/1502 1631/1135/1500 1632/1137/1503
f 1626/1132/1502 1632/1137/1503 1638/1138/1504
f 1638/1138/1504 1632/1137/1503 1633/1126/1490
f 1634/1119/1483 1638/1138/1504 1633/1126/1490
f 1615/1120/1484 1635/1133/1497 1611/1111/1475
f 1635/1133/1497 1616/1122/1486 1611/1111/1475
f 1623/1130/1494 1616/1122/1486 1635/1133/1497
f 1623/1130/1494 1636/1136/1505 1624/1131/1495
f 1624/1131/1495 1636/1136/1505 1625/1132/1496
f 1619/1125/1489 1625/1132/1496 1638/1138/1504
f 1634/1119/1483 1614/1117/1481 1638/1138/1504
f 1614/1117/1481 1619/1125/1489 1638/1138/1504
f 1631/1135/1500 1639/1139/1506 1632/1137/1503
f 1632/1137/1503 1639/1139/1506 1627/1140/1507
f 1631/1135/1500 1622/1130/1498 1630/1134/1499
f 1628/1141/1508 1639/1139/1506 1630/1134/1499
f 1639/1139/1506 1631/1135/1500 1630/1134/1499
f 1629/1129/1493 1621/1128/1492 1630/1134/1499
f 1621/1128/1492 1628/1141/1508 1630/1134/1499
f 1633/1126/1490 1632/1137/1503 1620/1127/1491
f 1632/1137/1503 1627/1140/1507 1620/1127/1491
f 1640/1142/1509 1641/1143/1510 1646/1144/1511
f 1641/1143/1510 1647/1145/1512 1646/1144/1511
f 1641/1143/1510 1642/1146/1513 1647/1145/1512
f 1642/1146/1513 1648/1147/1514 1647/1145/1512
f 1643/1148/1515 1649/1149/1516 1642/1146/1513
f 1642/1146/1513 1649/1149/1516 1648/1147/1514
f 1643/1148/1515 1644/1150/1517 1649/1149/1516
f 1644/1150/1517 1681/1151/1518 1649/1149/1516
f 1640/1142/1509 1646/1144/1511 1645/1152/1519
f 1645/1152/1519 1646/1144/1511 1650/1153/1520
f 1646/1144/1511 1647/1145/1512 1651/1154/1521
f 1647/1145/1512 1652/1155/1522 1651/1154/1521
f 1647/1145/1512 1648/1147/1514 1652/1155/1522
f 1648/1147/1514 1653/1156/1523 1652/1155/1522
f 1649/1149/1516 1654/1157/1524 1648/1147/1514
f 1648/1147/1514 1654/1157/1524 1653/1156/1523
f 1681/1151/1518 1655/1158/1525 1674/1159/1526
f 1650/1153/1520 1669/1160/1527 1656/1161/1528
f 1651/1154/1521 1652/1155/1522 1658/1162/1529
f 1652/1155/1522 1659/1163/1530 1658/1162/1529
f 1652/1155/1522 1653/1156/1523 1659/1163/1530
f 1653/1156/1523 1660/1164/1531 1659/1163/1530
f 1654/1157/1524 1661/1165/1532 1653/1156/1523
f 1653/1156/1523 1661/1165/1532 1660/1164/1531
f 1698/1166/1533 1674/1159/1526 1664/1167/1534
f 1674/1159/1526 1655/1158/1525 1664/1167/1534
f 1695/1168/1535 1669/1160/1527 1670/1169/1536
f 1695/1168/1535 1670/1169/1536 1708/1170/1537
f 1669/1160/1527 1650/1153/1520 1675/1171/1538
f 1657/1162/1539 1670/1169/1536 1675/1171/1538
f 1670/1169/1536 1669/1160/1527 1675/1171/1538
f 1657/1162/1539 1676/1172/1540 1671/1173/1541
f 1679/1174/1542 1672/1175/1543 1676/1172/1540
f 1676/1172/1540 1672/1175/1543 1671/1173/1541
f 1679/1174/1542 1662/1165/1544 1672/1175/1543
f 1662/1165/1544 1673/1176/1545 1672/1175/1543
f 1662/1165/1544 1680/1177/1546 1673/1176/1545
f 1680/1177/1546 1674/1159/1526 1673/1176/1545
f 1681/1151/1518 1674/1159/1526 1680/1177/1546
f 1650/1153/1520 1646/1144/1511 1675/1171/1538
f 1675/1171/1538 1646/1144/1511 1651/1154/1521
f 1658/1162/1529 1675/1171/1538 1651/1154/1521
f 1658/1162/1529 1659/1163/1530 1677/1172/1547
f 1659/1163/1530 1660/1164/1531 1677/1172/1547
f 1660/1164/1531 1678/1174/1548 1677/1172/1547
f 1660/1164/1531 1661/1165/1532 1678/1174/1548
f 1654/1157/1524 1680/1177/1546 1661/1165/1532
f 1681/1151/1518 1680/1177/1546 1649/1149/1516
f 1649/1149/1516 1680/1177/1546 1654/1157/1524
f 1689/1178/1549 1692/1179/1550 1672/1175/1543
f 1692/1179/1550 1671/1173/1541 1672/1175/1543
f 1686/1180/1551 1689/1178/1549 1703/1181/1552
f 1700/1182/1553 1703/1181/1552 1689/1178/1549
f 1672/1175/1543 1673/1176/1545 1689/1178/1549
f 1673/1176/1545 1700/1182/1553 1689/1178/1549
f 1673/1176/1545 1698/1166/1533 1700/1182/1553
f 1671/1173/1541 1670/1169/1536 1657/1162/1539
f 1671/1173/1541 1692/1179/1550 1670/1169/1536
f 1708/1170/1537 1670/1169/1536 1692/1179/1550
f 1711/1183/1554 1708/1170/1537 1683/1184/1555
f 1708/1170/1537 1692/1179/1550 1683/1184/1555
f 1687/1185/1556 1682/1186/1557 1717/1187/1557
f 1682/1186/1557 1713/1188/1558 1717/1187/1557
f 1684/1186/1049 1693/1189/1049 1714/1188/1049
f 1690/1190/1559 1716/1187/1560 1691/1189/1561
f 1691/1189/1561 1716/1187/1560 1712/1188/1562
f 1688/1190/1445 1685/1185/1445 1715/1187/1445
f 1668/1191/1563 1696/1192/1563 1720/1193/1563
f 1718/1193/1564 1694/1192/1565 1722/1194/1565
f 1694/1192/1565 1707/1195/1566 1722/1194/1565
f 1706/1195/1567 1709/1196/1567 1721/1194/1567
f 1666/1191/1568 1719/1193/1569 1710/1196/1569
f 1710/1196/1569 1719/1193/1569 1723/1194/1570
f 1697/1197/1571 1663/1198/1571 1724/1199/1571
f 1665/1198/1572 1704/1200/1573 1725/1199/1573
f 1704/1200/1573 1727/1201/1574 1725/1199/1573
f 1705/1200/1575 1702/1202/1575 1729/1201/1575
f 1699/1197/1576 1726/1199/1577 1701/1202/1577
f 1701/1202/1577 1726/1199/1577 1728/1201/1578
f 1667/1203/1579 1656/1161/1528 1695/1168/1535
f 1656/1161/1528 1669/1160/1527 1695/1168/1535
f 1674/1159/1526 1698/1166/1533 1673/1176/1545
f 1741/1204/1580 1740/1205/1581 1731/1206/1582
f 1730/1207/1583 1731/1206/1582 1740/1205/1581
f 1742/1208/1584 1741/1204/1580 1732/1209/1585
f 1731/1206/1582 1732/1209/1585 1741/1204/1580
f 1743/1210/1586 1742/1208/1584 1733/1211/1587
f 1732/1209/1585 1733/1211/1587 1742/1208/1584
f 1744/1212/1588 1743/1210/1586 1734/1213/1589
f 1733/1211/1587 1734/1213/1589 1743/1210/1586
f 1744/1212/1588 1734/1213/1589 1745/1214/1590
f 1734/1213/1589 1735/1215/1591 1745/1214/1590
f 1745/1214/1590 1735/1215/1591 1746/1216/1592
f 1735/1215/1591 1736/1217/1593 1746/1216/1592
f 1746/1216/1592 1736/1217/1593 1747/1218/1594
f 1736/1217/1593 1737/1219/1595 1747/1218/1594
f 1747/1218/1594 1737/1219/1595 1748/1220/1596
f 1737/1219/1595 1738/1221/1597 1748/1220/1596
f 1749/1222/1598 1748/1220/1596 1739/1223/1599
f 1738/1221/1597 1739/1223/1599 1748/1220/1596
f 1740/1205/1581 1749/1222/1598 1730/1207/1583
f 1739/1223/1599 1730/1207/1583 1749/1222/1598
f 1751/1224/1600 1750/1225/1601 1741/1204/1580
f 1740/1205/1581 1741/1204/1580 1750/1225/1601
f 1751/1224/1600 1741/1204/1580 1752/1226/1602
f 1741/1204/1580 1742/1208/1584 1752/1226/1602
f 1753/1227/1603 1752/1226/1602 1743/1210/1586
f 1742/1208/1584 1743/1210/1586 1752/1226/1602
f 1754/1228/1604 1753/1227/1603 1744/1212/1588
f 1743/1210/1586 1744/1212/1588 1753/1227/1603
f 1754/1228/1604 1744/1212/1588 1755/1229/1605
f 1744/1212/1588 1745/1214/1590 1755/1229/1605
f 1755/1229/1605 1745/1214/1590 1756/1230/1606
f 1745/1214/1590 1746/1216/1592 1756/1230/1606
f 1757/1231/1607 1756/1230/1606 1747/1218/1594
f 1746/1216/1592 1747/1218/1594 1756/1230/1606
f 1757/1231/1607 1747/1218/1594 1758/1232/1608
f 1747/1218/1594 1748/1220/1596 1758/1232/1608
f 1759/1233/1609 1758/1232/1608 1749/1222/1598
f 1748/1220/1596 1749/1222/1598 1758/1232/1608
f 1759/1233/1609 1749/1222/1598 1750/1225/1601
f 1749/1222/1598 1740/1205/1581 1750/1225/1601
f 1750/1225/1601 1751/1224/1600 1760/1234/1610
f 1751/1224/1600 1761/1235/1611 1760/1234/1610
f 1752/1226/1602 1762/1236/1612 1751/1224/1600
f 1751/1224/1600 1762/1236/1612 1761/1235/1611
f 1753/1227/1603 1763/1237/1613 1752/1226/1602
f 1752/1226/1602 1763/1237/1613 1762/1236/1612
f 1754/1228/1604 1764/1228/1614 1753/1227/1603
f 1753/1227/1603 1764/1228/1614 1763/1237/1613
f 1755/1229/1605 1765/1238/1615 1754/1228/1604
f 1754/1228/1604 1765/1238/1615 1764/1228/1614
f 1755/1229/1605 1756/1230/1606 1765/1238/1615
f 1756/1230/1606 1766/1239/1616 1765/1238/1615
f 1756/1230/1606 1757/1231/1607 1766/1239/1616
f 1757/1231/1607 1767/1240/1617 1766/1239/1616
f 1757/1231/1607 1758/1232/1608 1767/1240/1617
f 1758/1232/1608 1768/1241/1618 1767/1240/1617
f 1759/1233/1609 1769/1242/1619 1758/1232/1608
f 1758/1232/1608 1769/1242/1619 1768/1241/1618
f 1759/1233/1609 1750/1225/1601 1769/1242/1619
f 1750/1225/1601 1760/1234/1610 1769/1242/1619
f 1770/1243/1620 1775/1244/1621 1761/1235/1611
f 1760/1234/1610 1761/1235/1611 1775/1244/1621
f 1761/1235/1611 1762/1236/1612 1770/1243/1620
f 1770/1243/1620 1762/1236/1612 1771/1245/1622
f 1762/1236/1612 1763/1237/1613 1771/1245/1622
f 1763/1237/1613 1764/1228/1614 1771/1245/1622
f 1771/1245/1622 1764/1228/1614 1772/1246/1623
f 1764/1228/1614 1765/1238/1615 1772/1246/1623
f 1773/1247/1624 1772/1246/1623 1766/1239/1616
f 1765/1238/1615 1766/1239/1616 1772/1246/1623
f 1766/1239/1616 1767/1240/1617 1773/1247/1624
f 1773/1247/1624 1767/1240/1617 1774/1248/1625
f 1767/1240/1617 1768/1241/1618 1774/1248/1625
f 1775/1244/1621 1774/1248/1625 1769/1242/1619
f 1768/1241/1618 1769/1242/1619 1774/1248/1625
f 1769/1242/1619 1760/1234/1610 1775/1244/1621
f 1775/1244/1621 1770/1243/1620 1776/1249/1626
f 1770/1243/1620 1778/1250/1627 1776/1249/1626
f 1771/1245/1622 1780/1251/1628 1770/1243/1620
f 1770/1243/1620 1780/1251/1628 1778/1250/1627
f 1771/1245/1622 1772/1246/1623 1780/1251/1628
f 1772/1246/1623 1782/1252/1629 1780/1251/1628
f 1773/1247/1624 1784/1253/1630 1772/1246/1623
f 1772/1246/1623 1784/1253/1630 1782/1252/1629
f 1773/1247/1624 1774/1248/1625 1784/1253/1630
f 1774/1248/1625 1786/1254/1631 1784/1253/1630
f 1775/1244/1621 1776/1249/1626 1774/1248/1625
f 1774/1248/1625 1776/1249/1626 1786/1254/1631
f 1731/1206/1582 1730/1207/1583 1788/1255/1632
f 1732/1209/1585 1731/1206/1582 1788/1255/1632
f 1733/1211/1587 1732/1209/1585 1788/1255/1632
f 1734/1213/1589 1733/1211/1587 1788/1255/1632
f 1735/1215/1591 1734/1213/1589 1788/1255/1632
f 1736/1217/1593 1735/1215/1591 1788/1255/1632
f 1737/1219/1595 1736/1217/1593 1788/1255/1632
f 1738/1221/1597 1737/1219/1595 1788/1255/1632
f 1739/1223/1599 1738/1221/1597 1788/1255/1632
f 1730/1207/1583 1739/1223/1599 1788/1255/1632
f 1779/1256/1633 1789/1257/1634 1777/1258/1635
f 1781/1259/1636 1789/1257/1634 1779/1256/1633
f 1783/1260/1637 1789/1257/1634 1781/1259/1636
f 1785/1261/1638 1789/1257/1634 1783/1260/1637
f 1787/1262/1639 1789/1257/1634 1785/1261/1638
f 1777/1258/1635 1789/1257/1634 1787/1262/1639
f 1801/1204/1640 1800/1205/1641 1791/1206/1642
f 1790/1207/1643 1791/1206/1642 1800/1205/1641
f 1802/1208/1644 1801/1204/1640 1792/1209/1645
f 1791/1206/1642 1792/1209/1645 1801/1204/1640
f 1803/1210/1646 1802/1208/1644 1793/1211/1647
f 1792/1209/1645 1793/1211/1647 1802/1208/1644
f 1804/1212/1648 1803/1210/1646 1794/1213/1649
f 1793/1211/1647 1794/1213/1649 1803/1210/1646
f 1804/1212/1648 1794/1213/1649 1805/1214/1650
f 1794/1213/1649 1795/1215/1651 1805/1214/1650
f 1805/1214/1650 1795/1215/1651 1806/1216/1652
f 1795/1215/1651 1796/1217/1653 1806/1216/1652
f 1806/1216/1652 1796/1217/1653 1807/1218/1654
f 1796/1217/1653 1797/1219/1655 1807/1218/1654
f 1807/1218/1654 1797/1219/1655 1808/1220/1656
f 1797/1219/1655 1798/1221/1657 1808/1220/1656
f 1809/1222/1658 1808/1220/1656 1799/1223/1659
f 1798/1221/1657 1799/1223/1659 1808/1220/1656
f 1800/1205/1641 1809/1222/1658 1790/1207/1643
f 1799/1223/1659 1790/1207/1643 1809/1222/1658
f 1811/1224/1660 1810/1225/1661 1801/1204/1640
f 1800/1205/1641 1801/1204/1640 1810/1225/1661
f 1811/1224/1660 1801/1204/1640 1812/1226/1662
f 1801/1204/1640 1802/1208/1644 1812/1226/1662
f 1813/1227/1663 1812/1226/1662 1803/1210/1646
f 1802/1208/1644 1803/1210/1646 1812/1226/1662
f 1814/1228/1664 1813/1227/1663 1804/1212/1648
f 1803/1210/1646 1804/1212/1648 1813/1227/1663
f 1814/1228/1664 1804/1212/1648 1815/1229/1665
f 1804/1212/1648 1805/1214/1650 1815/1229/1665
f 1815/1229/1665 1805/1214/1650 1816/1230/1666
f 1805/1214/1650 1806/1216/1652 1816/1230/1666
f 1817/1231/1667 1816/1230/1666 1807/1218/1654
f 1806/1216/1652 1807/1218/1654 1816/1230/1666
f 1817/1231/1667 1807/1218/1654 1818/1232/1668
f 1807/1218/1654 1808/1220/1656 1818/1232/1668
f 1819/1233/1669 1818/1232/1668 1809/1222/1658
f 1808/1220/1656 1809/1222/1658 1818/1232/1668
f 1819/1233/1669 1809/1222/1658 1810/1225/1661
f 1809/1222/1658 1800/1205/1641 1810/1225/1661
f 1810/1225/1661 1811/1224/1660 1820/1234/1670
f 1811/1224/1660 1821/1235/1671 1820/1234/1670
f 1812/1226/1662 1822/1236/1672 1811/1224/1660
f 1811/1224/1660 1822/1236/1672 1821/1235/1671
f 1813/1227/1663 1823/1237/1673 1812/1226/1662
f 1812/1226/1662 1823/1237/1673 1822/1236/1672
f 1814/1228/1664 1824/1228/1674 1813/1227/1663
f 1813/1227/1663 1824/1228/1674 1823/1237/1673
f 1815/1229/1665 1825/1238/1675 1814/1228/1664
f 1814/1228/1664 1825/1238/1675 1824/1228/1674
f 1815/1229/1665 1816/1230/1666 1825/1238/1675
f 1816/1230/1666 1826/1239/1676 1825/1238/1675
f 1816/1230/1666 1817/1231/1667 1826/1239/1676
f 1817/1231/1667 1827/1240/1677 1826/1239/1676
f 1817/1231/1667 1818/1232/1668 1827/1240/1677
f 1818/1232/1668 1828/1241/1678 1827/1240/1677
f 1819/1233/1669 1829/1242/1679 1818/1232/1668
f 1818/1232/1668 1829/1242/1679 1828/1241/1678
f 1819/1233/1669 1810/1225/1661 1829/1242/1679
f 1810/1225/1661 1820/1234/1670 1829/1242/1679
f 1830/1243/1680 1835/1244/1681 1821/1235/1671
f 1820/1234/1670 1821/1235/1671 1835/1244/1681
f 1821/1235/1671 1822/1236/1672 1830/1243/1680
f 1830/1243/1680 1822/1236/1672 1831/1245/1682
f 1822/1236/1672 1823/1237/1673 1831/1245/1682
f 1823/1237/1673 1824/1228/1674 1831/1245/1682
f 1831/1245/1682 1824/1228/1674 1832/1246/1683
f 1824/1228/1674 1825/1238/1675 1832/1246/1683
f 1833/1247/1684 1832/1246/1683 1826/1239/1676
f 1825/1238/1675 1826/1239/1676 1832/1246/1683
f 1826/1239/1676 1827/1240/1677 1833/1247/1684
f 1833/1247/1684 1827/1240/1677 1834/1248/1685
f 1827/1240/1677 1828/1241/1678 1834/1248/1685
f 1835/1244/1681 1834/1248/1685 1829/1242/1679
f 1828/1241/1678 1829/1242/1679 1834/1248/1685
f 1829/1242/1679 1820/1234/1670 1835/1244/1681
f 1835/1244/1681 1830/1243/1680 1836/1249/1686
f 1830/1243/1680 1838/1250/1687 1836/1249/1686
f 1831/1245/1682 1840/1251/1688 1830/1243/1680
f 1830/1243/1680 1840/1251/1688 1838/1250/1687
f 1831/1245/1682 1832/1246/1683 1840/1251/1688
f 1832/1246/1683 1842/1252/1689 1840/1251/1688
f 1833/1247/1684 1844/1253/1690 1832/1246/1683
f 1832/1246/1683 1844/1253/1690 1842/1252/1689
f 1833/1247/1684 1834/1248/1685 1844/1253/1690
f 1834/1248/1685 1846/1254/1691 1844/1253/1690
f 1835/1244/1681 1836/1249/1686 1834/1248/1685
f 1834/1248/1685 1836/1249/1686 1846/1254/1691
f 1791/1206/1642 1790/1207/1643 1848/1255/1692
f 1792/1209/1645 1791/1206/1642 1848/1255/1692
f 1793/1211/1647 1792/1209/1645 1848/1255/1692
f 1794/1213/1649 1793/1211/1647 1848/1255/1692
f 1795/1215/1651 1794/1213/1649 1848/1255/1692
f 1796/1217/1653 1795/1215/1651 1848/1255/1692
f 1797/1219/1655 1796/1217/1653 1848/1255/1692
f 1798/1221/1657 1797/1219/1655 1848/1255/1692
f 1799/1223/1659 1798/1221/1657 1848/1255/1692
f 1790/1207/1643 1799/1223/1659 1848/1255/1692
f 1839/1256/1693 1849/1257/1694 1837/1258/1695
f 1841/1259/1696 1849/1257/1694 1839/1256/1693
f 1843/1260/1697 1849/1257/1694 1841/1259/1696
f 1845/1261/1698 1849/1257/1694 1843/1260/1697
f 1847/1262/1699 1849/1257/1694 1845/1261/1698
f 1837/1258/1695 1849/1257/1694 1847/1262/1699
f 1850/1142/1700 1851/1143/1701 1856/1144/1702
f 1851/1143/1701 1857/1145/1703 1856/1144/1702
f 1851/1143/1701 1852/1146/1704 1857/1145/1703
f 1852/1146/1704 1858/1147/1705 1857/1145/1703
f 1853/1148/1515 1859/1149/1706 1852/1146/1704
f 1852/1146/1704 1859/1149/1706 1858/1147/1705
f 1853/1148/1515 1854/1150/1707 1859/1149/1706
f 1854/1150/1707 1891/1151/1708 1859/1149/1706
f 1850/1142/1700 1856/1144/1702 1855/1152/1709
f 1855/1152/1709 1856/1144/1702 1860/1153/1710
f 1856/1144/1702 1857/1145/1703 1861/1154/1711
f 1857/1145/1703 1862/1155/1712 1861/1154/1711
f 1857/1145/1703 1858/1147/1705 1862/1155/1712
f 1858/1147/1705 1863/1156/1713 1862/1155/1712
f 1859/1149/1706 1864/1157/1714 1858/1147/1705
f 1858/1147/1705 1864/1157/1714 1863/1156/1713
f 1891/1151/1708 1865/1158/1715 1884/1159/1716
f 1860/1153/1710 1879/1160/1717 1866/1161/1718
f 1861/1154/1711 1862/1155/1712 1868/1162/1719
f 1862/1155/1712 1869/1163/1720 1868/1162/1719
f 1862/1155/1712 1863/1156/1713 1869/1163/1720
f 1863/1156/1713 1870/1164/1721 1869/1163/1720
f 1864/1157/1714 1871/1165/1722 1863/1156/1713
f 1863/1156/1713 1871/1165/1722 1870/1164/1721
f 1908/1166/1723 1884/1159/1716 1874/1167/1724
f 1884/1159/1716 1865/1158/1715 1874/1167/1724
f 1905/1168/1725 1879/1160/1717 1880/1169/1726
f 1905/1168/1725 1880/1169/1726 1918/1170/1537
f 1879/1160/1717 1860/1153/1710 1885/1171/1727
f 1867/1162/1728 1880/1169/1726 1885/1171/1727
f 1880/1169/1726 1879/1160/1717 1885/1171/1727
f 1867/1162/1728 1886/1172/1729 1881/1173/1730
f 1889/1174/1731 1882/1175/1732 1886/1172/1729
f 1886/1172/1729 1882/1175/1732 1881/1173/1730
f 1889/1174/1731 1872/1165/1733 1882/1175/1732
f 1872/1165/1733 1883/1176/1734 1882/1175/1732
f 1872/1165/1733 1890/1177/1735 1883/1176/1734
f 1890/1177/1735 1884/1159/1716 1883/1176/1734
f 1891/1151/1708 1884/1159/1716 1890/1177/1735
f 1860/1153/1710 1856/1144/1702 1885/1171/1727
f 1885/1171/1727 1856/1144/1702 1861/1154/1711
f 1868/1162/1719 1885/1171/1727 1861/1154/1711
f 1868/1162/1719 1869/1163/1720 1887/1172/1736
f 1869/1163/1720 1870/1164/1721 1887/1172/1736
f 1870/1164/1721 1888/1174/1737 1887/1172/1736
f 1870/1164/1721 1871/1165/1722 1888/1174/1737
f 1864/1157/1714 1890/1177/1735 1871/1165/1722
f 1891/1151/1708 1890/1177/1735 1859/1149/1706
f 1859/1149/1706 1890/1177/1735 1864/1157/1714
f 1899/1178/1738 1902/1179/1739 1882/1175/1732
f 1902/1179/1739 1881/1173/1730 1882/1175/1732
f 1896/1180/1740 1899/1178/1738 1913/1181/1741
f 1910/1182/1742 1913/1181/1741 1899/1178/1738
f 1882/1175/1732 1883/1176/1734 1899/1178/1738
f 1883/1176/1734 1910/1182/1742 1899/1178/1738
f 1883/1176/1734 1908/1166/1723 1910/1182/1742
f 1881/1173/1730 1880/1169/1726 1867/1162/1728
f 1881/1173/1730 1902/1179/1739 1880/1169/1726
f 1918/1170/1537 1880/1169/1726 1902/1179/1739
f 1921/1183/1554 1918/1170/1537 1893/1184/1743
f 1918/1170/1537 1902/1179/1739 1893/1184/1743
f 1897/1185/1556 1892/1186/1744 1927/1187/1557
f 1892/1186/1744 1923/1188/1745 1927/1187/1557
f 1894/1186/1049 1903/1189/1049 1924/1188/1049
f 1900/1190/1746 1926/1187/1747 1901/1189/1748
f 1901/1189/1748 1926/1187/1747 1922/1188/1749
f 1898/1190/1750 1895/1185/1750 1925/1187/1750
f 1878/1191/1563 1906/1192/1563 1930/1193/1563
f 1928/1193/1564 1904/1192/1751 1932/1194/1751
f 1904/1192/1751 1917/1195/1752 1932/1194/1751
f 1916/1195/1753 1919/1196/1753 1931/1194/1753
f 1876/1191/1568 1929/1193/1754 1920/1196/1755
f 1920/1196/1755 1929/1193/1754 1933/1194/1756
f 1907/1197/1757 1873/1198/1757 1934/1199/1757
f 1875/1198/1758 1914/1200/1759 1935/1199/1759
f 1914/1200/1759 1937/1201/1760 1935/1199/1759
f 1915/1200/1761 1912/1202/1761 1939/1201/1761
f 1909/1197/1762 1936/1199/1763 1911/1202/1764
f 1911/1202/1764 1936/1199/1763 1938/1201/1765
f 1877/1203/1766 1866/1161/1718 1905/1168/1725
f 1866/1161/1718 1879/1160/1717 1905/1168/1725
f 1884/1159/1716 1908/1166/1723 1883/1176/1734
f 1940/1110/1767 1946/1111/1768 1941/1112/1769
f 1946/1111/1768 1947/1113/1770 1941/1112/1769
f 1941/1112/1769 1947/1113/1770 1942/1114/1771
f 1947/1113/1770 1948/1115/1772 1942/1114/1771
f 1943/1116/1773 1942/1114/1771 1949/1117/1774
f 1942/1114/1771 1948/1115/1772 1949/1117/1774
f 1943/1116/1773 1949/1117/1774 1944/1118/1482
f 1949/1117/1774 1969/1119/1775 1944/1118/1482
f 1950/1120/1776 1946/1111/1768 1945/1121/1485
f 1945/1121/1485 1946/1111/1768 1940/1110/1767
f 1946/1111/1768 1951/1122/1777 1947/1113/1770
f 1951/1122/1777 1952/1123/1778 1947/1113/1770
f 1947/1113/1770 1952/1123/1778 1948/1115/1772
f 1952/1123/1778 1953/1124/1488 1948/1115/1772
f 1949/1117/1774 1948/1115/1772 1954/1125/1779
f 1948/1115/1772 1953/1124/1488 1954/1125/1779
f 1969/1119/1775 1968/1126/1780 1955/1127/1781
f 1950/1120/1776 1956/1128/1782 1964/1129/1783
f 1951/1122/1777 1958/1130/1494 1952/1123/1778
f 1958/1130/1494 1959/1131/1784 1952/1123/1778
f 1952/1123/1778 1959/1131/1784 1953/1124/1488
f 1954/1125/1779 1953/1124/1488 1960/1132/1496
f 1953/1124/1488 1959/1131/1784 1960/1132/1496
f 1964/1129/1783 1970/1133/1785 1950/1120/1776
f 1957/1130/1498 1970/1133/1785 1965/1134/1499
f 1965/1134/1499 1970/1133/1785 1964/1129/1783
f 1957/1130/1498 1966/1135/1500 1972/1136/1786
f 1972/1136/1786 1966/1135/1500 1961/1132/1502
f 1961/1132/1502 1966/1135/1500 1967/1137/1503
f 1961/1132/1502 1967/1137/1503 1973/1138/1787
f 1973/1138/1787 1967/1137/1503 1968/1126/1780
f 1969/1119/1775 1973/1138/1787 1968/1126/1780
f 1950/1120/1776 1970/1133/1785 1946/1111/1768
f 1970/1133/1785 1951/1122/1777 1946/1111/1768
f 1958/1130/1494 1951/1122/1777 1970/1133/1785
f 1958/1130/1494 1971/1136/1505 1959/1131/1784
f 1959/1131/1784 1971/1136/1505 1960/1132/1496
f 1954/1125/1779 1960/1132/1496 1973/1138/1787
f 1969/1119/1775 1949/1117/1774 1973/1138/1787
f 1949/1117/1774 1954/1125/1779 1973/1138/1787
f 1966/1135/1500 1974/1139/1506 1967/1137/1503
f 1967/1137/1503 1974/1139/1506 1962/1140/1507
f 1966/1135/1500 1957/1130/1498 1965/1134/1499
f 1963/1141/1508 1974/1139/1506 1965/1134/1499
f 1974/1139/1506 1966/1135/1500 1965/1134/1499
f 1964/1129/1783 1956/1128/1782 1965/1134/1499
f 1956/1128/1782 1963/1141/1508 1965/1134/1499
f 1968/1126/1780 1967/1137/1503 1955/1127/1781
f 1967/1137/1503 1962/1140/1507 1955/1127/1781
o 3D_Object_1
v 0.003248 0.004352 -0.000956
v 0.000771 0.004335 -0.000967
v 0.001730 0.004317 -0.000956
v 0.002665 0.004463 -0.001073
v 0.002665 0.004463 -0.001073
v 0.001730 0.004396 -0.001052
v 0.000771 0.004422 -0.001034
v 0.002665 0.004376 -0.000956
v 0.003292 0.004459 -0.001036
v -0.001706 0.004325 -0.000956
v -0.000223 0.004292 -0.000956
v -0.001123 0.004422 -0.001073
v -0.000223 0.004353 -0.001052
v -0.001123 0.004335 -0.000956
v -0.001726 0.004416 -0.001036
v 0.001250 0.004326 -0.000962
v 0.002202 0.004389 -0.001009
v 0.002197 0.004347 -0.000956
v 0.001730 0.004357 -0.001004
v 0.002197 0.004430 -0.001063
v 0.002665 0.004420 -0.001014
v 0.002665 0.004420 -0.001014
v 0.001254 0.004368 -0.001002
v 0.000771 0.004379 -0.001000
v 0.001250 0.004409 -0.001043
v 0.002956 0.004364 -0.000956
v 0.002966 0.004414 -0.001007
v 0.002966 0.004414 -0.001007
v 0.003270 0.004405 -0.000996
v 0.002978 0.004461 -0.001054
v 0.002978 0.004461 -0.001054
v 0.000274 0.004314 -0.000962
v -0.000680 0.004351 -0.001009
v -0.001123 0.004379 -0.001014
v -0.000673 0.004388 -0.001063
v -0.000223 0.004322 -0.001004
v -0.000673 0.004314 -0.000956
v 0.000273 0.004351 -0.001002
v 0.000274 0.004388 -0.001043
v -0.001414 0.004330 -0.000956
v -0.001415 0.004375 -0.001006
v -0.001424 0.004419 -0.001054
v -0.001716 0.004371 -0.000996
vt -0.292900 0.628700
vt -0.293400 0.629300
vt -0.301700 0.628400
vt -0.301700 0.629100
vt -0.301700 0.629800
vt -0.313500 0.629800
vt -0.313400 0.629100
vt -0.325400 0.629800
vt -0.337900 0.629800
vt -0.325400 0.629100
vt -0.337800 0.629100
vt -0.284100 0.629000
vt -0.285200 0.629600
vt -0.313300 0.629100
vt -0.293600 0.629300
vt -0.325400 0.628400
vt -0.313500 0.628400
vt -0.350400 0.629100
vt -0.350400 0.629800
vt -0.337900 0.628400
vt -0.350400 0.628400
vt -0.294000 0.630000
vt -0.286300 0.630200
vn 0.038100 -0.711400 -0.701700
vn 0.017900 -0.762100 -0.647300
vn -0.002400 -0.808100 -0.589000
vn 0.006100 -0.769600 -0.638500
vn 0.047800 -0.783400 -0.619700
vn 0.036900 -0.795900 -0.604400
vn 0.045700 -0.786500 -0.615800
vn 0.021300 -0.768100 -0.640000
vn -0.011800 -0.688700 -0.725000
vn 0.016000 -0.761300 -0.648200
vn -0.022000 -0.714700 -0.699100
vn 0.041700 -0.605600 -0.794700
vn 0.006500 -0.657800 -0.753100
vn 0.023200 -0.658300 -0.752400
vn -0.005600 -0.733700 -0.679500
vn -0.010000 -0.779400 -0.626400
vn -0.031100 -0.808800 -0.587200
vn -0.042600 -0.822200 -0.567600
vn -0.045700 -0.821600 -0.568200
vn -0.005200 -0.848000 -0.530000
vn -0.008200 -0.823600 -0.567100
vn 0.034800 -0.734500 -0.677700
vn 0.050000 -0.759400 -0.648700
vn -0.037600 -0.668500 -0.742700
vn -0.028400 -0.716400 -0.697100
vn -0.012900 -0.702400 -0.711700
vn -0.009700 -0.762500 -0.646900
vn 0.009100 -0.764800 -0.644300
vn 0.044800 -0.798200 -0.600700
vn 0.044400 -0.807400 -0.588400
vn 0.011300 -0.666100 -0.745800
vn 0.007200 -0.600000 -0.800000
vn -0.027700 -0.679800 -0.732900
vn 0.012000 -0.620200 -0.784400
vn -0.016600 -0.675600 -0.737100
vn -0.024500 -0.595700 -0.802800
vn -0.029400 -0.786200 -0.617200
vn -0.047800 -0.822300 -0.567000
vn 0.021300 -0.809900 -0.586200
vn 0.055300 -0.703300 -0.708800
vn 0.003900 -0.715000 -0.699100
vn 0.011200 -0.654700 -0.755800
usemtl 3D_Object_1Mat
s 1
f 2004/1263/1788 2002/1264/1789 1978/1265/1789
f 1995/1266/1790 1978/1265/1789 2002/1264/1789
f 1982/1267/1791 1992/1268/1792 1996/1266/1793
f 1996/1266/1793 1992/1268/1792 1991/1269/1794
f 1977/1270/1795 1990/1271/1796 1993/1272/1797
f 1993/1272/1797 1990/1271/1796 1997/1273/1798
f 1983/1274/1799 2003/1275/1800 2005/1263/1801
f 2005/1263/1801 2003/1275/1800 2001/1264/1802
f 1988/1267/1803 2008/1266/1804 2011/1268/1805
f 2011/1268/1805 2008/1266/1804 2007/1276/1806
f 1985/1270/1807 2010/1272/1808 2006/1271/1809
f 2006/1271/1809 2010/1272/1808 2012/1273/1810
f 1989/1274/1811 2016/1263/1812 2017/1275/1813
f 2017/1275/1813 2016/1263/1812 2015/1277/1814
f 1991/1269/1794 1992/1268/1792 1993/1272/1797
f 1992/1268/1792 1977/1270/1795 1993/1272/1797
f 1993/1272/1797 1980/1278/1815 1991/1269/1794
f 1980/1278/1815 1994/1279/1816 1991/1269/1794
f 1979/1265/1817 1996/1266/1793 1994/1279/1816
f 1994/1279/1816 1996/1266/1793 1991/1269/1794
f 1997/1273/1798 1990/1271/1796 1998/1280/1818
f 1990/1271/1796 1976/1281/1819 1998/1280/1818
f 1997/1273/1798 1998/1280/1818 1999/1282/1820
f 1998/1280/1818 1981/1283/1821 1999/1282/1820
f 1999/1282/1820 1980/1278/1815 1997/1273/1798
f 1980/1278/1815 1993/1272/1797 1997/1273/1798
f 2001/1264/1802 2003/1275/1800 2000/1284/1822
f 2003/1275/1800 1975/1285/1823 2000/1284/1822
f 1996/1266/1793 2001/1264/1802 1982/1267/1791
f 2000/1284/1822 1982/1267/1791 2001/1264/1802
f 1986/1265/1824 2009/1279/1825 2008/1266/1804
f 2008/1266/1804 2009/1279/1825 2007/1276/1806
f 2007/1276/1806 2009/1279/1825 2010/1272/1808
f 2009/1279/1825 1987/1278/1826 2010/1272/1808
f 2007/1276/1806 2010/1272/1808 2011/1268/1805
f 2010/1272/1808 1985/1270/1807 2011/1268/1805
f 2013/1282/1827 2012/1273/1810 1987/1278/1826
f 2010/1272/1808 1987/1278/1826 2012/1273/1810
f 1981/1283/1821 1998/1280/1818 2013/1282/1827
f 2013/1282/1827 1998/1280/1818 2012/1273/1810
f 2012/1273/1810 1998/1280/1818 2006/1271/1809
f 1998/1280/1818 1976/1281/1819 2006/1271/1809
f 2016/1263/1812 1986/1265/1824 2015/1277/1814
f 1986/1265/1824 2008/1266/1804 2015/1277/1814
f 2008/1266/1804 1988/1267/1803 2015/1277/1814
f 1988/1267/1803 2014/1284/1828 2015/1277/1814
f 2015/1277/1814 2014/1284/1828 2017/1275/1813
f 2014/1284/1828 1984/1285/1829 2017/1275/1813
